Student_ID,Age,Gender,Faculty,Gym_Membership,Weekly_Visits,Preferred_Time,Session_Duration_Minutes,Satisfaction_Score,Wait_Time_Acceptable_Minutes,Crowding_Main_Concern
1001,20,Female,Engineering,Yes,0,3-6PM,51,7.1,5,Yes
1002,25,Male,Engineering,Yes,0,9-12PM,66,6.7,13,No
1003,22,Male,Basic Sciences,Yes,4,6-9PM,50,5.7,6,No
1004,21,Male,Engineering,Yes,1,3-6PM,76,6.5,11,Yes
1005,19,Male,Life Sciences,Yes,3,9-12PM,61,7.1,2,Yes
1006,19,Female,Architecture,Yes,2,9-11PM,38,5.6,9,Yes
1007,18,Female,Basic Sciences,No,0,3-6PM,106,4.6,0,No
1008,24,Male,Engineering,Yes,5,6-9AM,63,9.5,7,No
1009,21,Male,Management,No,1,3-6PM,43,5.9,10,No
1010,22,Other,Basic Sciences,No,3,9-12PM,71,6.7,6,Yes
1011,18,Male,Life Sciences,Yes,0,6-9PM,77,8.3,4,Yes
1012,25,Male,Engineering,Yes,3,6-9PM,31,10,11,Yes
1013,23,Male,Basic Sciences,Yes,0,9-11PM,83,4.9,8,Yes
1014,19,Female,Engineering,No,2,3-6PM,49,7.5,6,Yes
1015,19,Female,Basic Sciences,Yes,3,3-6PM,118,5.7,8,Yes
1016,19,Male,Management,Yes,4,6-9PM,88,6,19,Yes
1017,19,Male,Basic Sciences,Yes,4,9-12PM,65,5.7,13,Yes
1018,21,Female,Engineering,No,3,3-6PM,56,5.1,13,Yes
1019,20,Female,Engineering,No,4,3-6PM,72,6.7,10,Yes
1020,19,Male,Basic Sciences,Yes,1,6-9AM,90,4.6,9,Yes
1021,21,Female,Engineering,Yes,1,12-3PM,74,8.2,0,Yes
1022,18,Male,Engineering,Yes,1,6-9PM,70,6.9,5,Yes
1023,19,Male,Life Sciences,Yes,2,6-9PM,76,7.4,6,Yes
1024,20,Female,Basic Sciences,No,2,6-9AM,60,6.1,1,Yes
1025,20,Male,Engineering,Yes,2,6-9AM,66,6.2,3,No
1026,23,Female,Computer & Communication Sciences,Yes,0,9-12PM,30,7.2,0,Yes
1027,19,Male,Engineering,Yes,3,6-9PM,99,5.1,8,Yes
1028,21,Male,Management,No,0,9-12PM,82,6.3,11,Yes
1029,21,Other,Engineering,No,1,6-9PM,56,5.5,12,No
1030,18,Male,Computer & Communication Sciences,Yes,2,6-9AM,122,5.5,10,Yes
1031,21,Female,Architecture,No,3,3-6PM,77,3.6,4,Yes
1032,19,Male,Computer & Communication Sciences,Yes,3,12-3PM,49,8.8,0,Yes
1033,18,Male,Management,Yes,2,6-9PM,96,5.8,1,Yes
1034,25,Male,Engineering,Yes,0,9-12PM,85,8.5,3,Yes
1035,25,Female,Management,Yes,2,3-6PM,85,8.4,4,Yes
1036,23,Male,Basic Sciences,Yes,0,9-12PM,64,4.9,7,No
1037,19,Female,Basic Sciences,No,2,6-9PM,86,5.2,4,No
1038,18,Male,Engineering,Yes,2,6-9PM,68,10,9,Yes
1039,22,Female,Basic Sciences,Yes,0,9-12PM,89,9.4,7,Yes
1040,20,Male,Engineering,Yes,1,6-9PM,30,6.8,8,Yes
1041,18,Female,Architecture,Yes,5,3-6PM,64,7.2,13,No
1042,21,Female,Basic Sciences,No,5,9-12PM,118,5.9,3,Yes
1043,18,Female,Life Sciences,Yes,2,12-3PM,56,7.4,10,No
1044,24,Female,Computer & Communication Sciences,Yes,0,9-12PM,60,5.7,8,Yes
1045,19,Female,Basic Sciences,No,0,6-9PM,64,3.8,7,Yes
1046,22,Female,Engineering,Yes,2,6-9PM,45,4.8,12,No
1047,19,Male,Engineering,Yes,5,6-9AM,30,6.8,12,Yes
1048,21,Male,Engineering,Yes,0,3-6PM,69,5.1,4,Yes
1049,21,Female,Engineering,Yes,3,6-9PM,78,6.7,7,Yes
1050,19,Female,Engineering,No,0,9-11PM,74,5.2,9,Yes
1051,25,Female,Engineering,No,6,3-6PM,71,5.6,7,Yes
1052,23,Male,Management,Yes,2,9-11PM,76,8.1,10,Yes
1053,25,Male,Architecture,No,3,3-6PM,101,7.2,9,Yes
1054,24,Male,Engineering,Yes,2,12-3PM,70,6.8,15,No
1055,21,Female,Architecture,Yes,2,6-9PM,61,8.1,2,No
1056,24,Male,Engineering,Yes,1,3-6PM,68,7.5,8,Yes
1057,18,Male,Basic Sciences,Yes,0,3-6PM,89,9,4,Yes
1058,19,Male,Architecture,Yes,4,3-6PM,110,6.1,10,Yes
1059,18,Male,Basic Sciences,Yes,4,6-9PM,59,6.2,2,Yes
1060,19,Female,Basic Sciences,No,4,6-9PM,77,4.8,9,Yes
1061,20,Male,Management,Yes,2,12-3PM,83,6.2,5,No
1062,19,Female,Computer & Communication Sciences,Yes,3,12-3PM,50,8.2,5,No
1063,23,Male,Architecture,Yes,0,3-6PM,76,8.7,2,Yes
1064,20,Male,Architecture,Yes,2,3-6PM,38,8.2,6,Yes
1065,19,Male,Architecture,Yes,1,9-12PM,31,4.1,12,Yes
1066,21,Male,Engineering,Yes,2,6-9PM,84,8.4,8,Yes
1067,18,Male,Basic Sciences,No,2,3-6PM,65,4,11,Yes
1068,23,Male,Engineering,Yes,0,12-3PM,80,8.1,15,Yes
1069,18,Female,Basic Sciences,Yes,2,6-9AM,75,6.2,9,No
1070,26,Male,Basic Sciences,Yes,3,9-12PM,51,7.9,6,Yes
1071,23,Female,Engineering,Yes,2,9-11PM,74,4.8,10,No
1072,19,Female,Management,Yes,0,12-3PM,44,8.6,6,Yes
1073,18,Female,Computer & Communication Sciences,No,1,9-12PM,110,4.6,6,Yes
1074,23,Male,Life Sciences,Yes,1,3-6PM,41,5.8,2,No
1075,22,Male,Basic Sciences,Yes,1,12-3PM,70,5.3,12,No
1076,22,Male,Computer & Communication Sciences,Yes,2,6-9AM,49,4.2,6,Yes
1077,23,Male,Engineering,Yes,2,12-3PM,89,6.9,9,Yes
1078,18,Other,Life Sciences,Yes,3,3-6PM,67,9.5,4,No
1079,20,Male,Engineering,No,2,3-6PM,62,10,10,Yes
1080,18,Male,Life Sciences,Yes,3,12-3PM,96,6.9,5,Yes
1081,24,Female,Engineering,No,1,12-3PM,76,8.5,7,Yes
1082,21,Female,Computer & Communication Sciences,Yes,2,9-11PM,88,7.1,12,No
1083,20,Female,Computer & Communication Sciences,No,3,12-3PM,50,7.5,11,No
1084,18,Male,Engineering,Yes,1,9-12PM,40,6.3,8,No
1085,19,Male,Basic Sciences,Yes,0,9-12PM,78,7.1,1,Yes
1086,19,Male,Management,Yes,4,3-6PM,67,7.6,20,Yes
1087,22,Male,Basic Sciences,No,2,6-9PM,91,5.9,15,Yes
1088,22,Male,Computer & Communication Sciences,Yes,3,9-12PM,73,6.7,11,No
1089,24,Male,Architecture,Yes,0,6-9PM,80,6.7,5,Yes
1090,20,Male,Basic Sciences,Yes,3,6-9AM,34,8,8,Yes
1091,18,Male,Engineering,No,1,12-3PM,122,5.2,6,Yes
1092,22,Male,Engineering,Yes,0,6-9PM,71,6.7,13,Yes
1093,23,Female,Life Sciences,No,2,12-3PM,92,9.7,9,No
1094,21,Female,Basic Sciences,Yes,1,3-6PM,54,8.5,5,Yes
1095,23,Female,Basic Sciences,Yes,2,9-12PM,83,8.8,6,No
1096,21,Male,Basic Sciences,Yes,0,6-9PM,42,6.8,12,Yes
1097,21,Male,Architecture,No,0,6-9AM,86,7.3,14,No
1098,20,Male,Computer & Communication Sciences,Yes,1,6-9PM,66,8.3,14,No
1099,18,Female,Management,No,0,9-12PM,76,9.1,11,Yes
1100,18,Female,Basic Sciences,Yes,4,6-9PM,92,3.9,7,No
1101,18,Male,Computer & Communication Sciences,Yes,0,12-3PM,44,4.8,0,Yes
1102,22,Female,Life Sciences,Yes,2,6-9PM,58,8.8,9,No
1103,19,Male,Architecture,Yes,0,12-3PM,86,6.4,8,No
1104,21,Female,Management,No,1,9-11PM,127,5.8,9,No
1105,24,Female,Engineering,No,4,9-12PM,72,4.9,8,Yes
1106,19,Female,Engineering,No,0,9-12PM,90,6,3,Yes
1107,20,Female,Computer & Communication Sciences,No,5,3-6PM,72,4.7,10,Yes
1108,23,Female,Basic Sciences,Yes,1,6-9AM,124,9.9,11,Yes
1109,19,Male,Computer & Communication Sciences,Yes,3,9-12PM,31,6.8,11,No
1110,18,Female,Computer & Communication Sciences,No,2,9-11PM,77,6.7,12,No
1111,19,Male,Engineering,Yes,4,9-11PM,34,7.7,10,No
1112,19,Female,Computer & Communication Sciences,No,2,12-3PM,30,8.2,6,Yes
1113,24,Female,Basic Sciences,No,2,9-11PM,82,8.2,8,No
1114,23,Female,Basic Sciences,Yes,1,3-6PM,78,8.4,8,No
1115,22,Male,Architecture,No,0,9-12PM,68,5.9,8,No
1116,24,Female,Computer & Communication Sciences,Yes,4,6-9PM,72,6.4,12,Yes
1117,23,Female,Engineering,Yes,1,6-9PM,152,8,11,Yes
1118,19,Female,Basic Sciences,Yes,2,9-11PM,69,6,16,Yes
1119,24,Male,Life Sciences,Yes,3,9-12PM,88,6.8,17,Yes
1120,21,Male,Life Sciences,Yes,2,6-9PM,59,7.4,8,Yes
1121,23,Male,Life Sciences,Yes,5,6-9AM,82,8,0,No
1122,24,Male,Engineering,No,3,6-9AM,69,4.1,13,Yes
1123,19,Female,Engineering,No,2,6-9AM,65,7.9,6,Yes
1124,18,Male,Basic Sciences,Yes,4,9-11PM,120,6.4,5,Yes
1125,19,Female,Life Sciences,Yes,0,6-9PM,104,7.9,6,No
1126,20,Male,Engineering,No,1,6-9PM,78,8,6,No
1127,23,Male,Engineering,Yes,2,3-6PM,30,9.2,10,No
1128,24,Female,Management,Yes,1,12-3PM,66,8.8,2,Yes
1129,18,Female,Engineering,Yes,3,9-12PM,143,8.8,4,Yes
1130,21,Male,Management,Yes,4,9-12PM,69,9,9,No
1131,20,Female,Life Sciences,Yes,2,12-3PM,103,7.2,10,Yes
1132,19,Female,Computer & Communication Sciences,No,2,6-9PM,111,6.8,11,Yes
1133,18,Male,Engineering,Yes,5,3-6PM,80,8.1,5,Yes
1134,20,Other,Engineering,Yes,2,6-9AM,54,7.9,4,Yes
1135,25,Female,Life Sciences,Yes,2,6-9AM,30,6.3,6,Yes
1136,19,Female,Computer & Communication Sciences,Yes,2,6-9AM,92,7.4,9,Yes
1137,21,Male,Life Sciences,Yes,4,12-3PM,55,6.7,14,Yes
1138,22,Female,Engineering,No,2,9-11PM,79,5.5,0,Yes
1139,20,Male,Life Sciences,No,3,3-6PM,44,8.7,7,Yes
1140,26,Male,Life Sciences,Yes,3,6-9PM,68,6.9,3,Yes
1141,25,Male,Architecture,No,2,3-6PM,76,9.9,1,Yes
1142,19,Male,Life Sciences,No,2,12-3PM,82,4.4,12,Yes
1143,21,Female,Computer & Communication Sciences,No,3,6-9AM,47,6,10,Yes
1144,19,Female,Architecture,Yes,2,6-9PM,105,6.8,10,Yes
1145,19,Female,Engineering,Yes,3,6-9PM,60,8.5,12,Yes
1146,18,Male,Basic Sciences,Yes,5,9-12PM,33,7.4,6,Yes
1147,21,Male,Engineering,Yes,2,3-6PM,72,7.3,6,Yes
1148,21,Male,Basic Sciences,Yes,3,3-6PM,76,5.1,17,No
1149,18,Other,Basic Sciences,Yes,3,3-6PM,79,5.1,7,Yes
1150,19,Male,Engineering,No,3,9-11PM,109,7.3,11,Yes
1151,24,Female,Engineering,No,2,3-6PM,69,4.8,8,Yes
1152,19,Female,Engineering,No,0,3-6PM,72,6,1,No
1153,18,Male,Life Sciences,Yes,2,6-9AM,47,7.6,0,Yes
1154,20,Female,Computer & Communication Sciences,No,3,6-9AM,96,5.3,6,Yes
1155,26,Male,Engineering,Yes,2,9-12PM,80,9.2,12,Yes
1156,19,Female,Management,Yes,3,6-9AM,64,8.6,11,No
1157,22,Female,Basic Sciences,Yes,2,6-9PM,30,4.4,12,No
1158,23,Male,Engineering,Yes,2,6-9PM,111,5.4,4,Yes
1159,19,Male,Engineering,Yes,1,9-12PM,44,3.4,14,Yes
1160,22,Female,Basic Sciences,No,3,6-9PM,60,5.6,4,Yes
1161,20,Female,Life Sciences,Yes,2,9-12PM,84,7.9,9,No
1162,22,Male,Life Sciences,No,1,12-3PM,45,6.2,8,Yes
1163,22,Female,Engineering,Yes,1,9-12PM,38,7.5,7,Yes
1164,21,Female,Engineering,Yes,3,12-3PM,30,4.5,13,No
1165,18,Female,Basic Sciences,Yes,2,9-12PM,93,8,5,No
1166,23,Male,Engineering,Yes,1,3-6PM,61,6,3,No
1167,19,Female,Engineering,Yes,5,12-3PM,148,6.8,8,No
1168,19,Female,Engineering,Yes,3,9-11PM,50,6.7,6,No
1169,18,Male,Life Sciences,Yes,5,6-9AM,52,4.9,22,Yes
1170,21,Male,Computer & Communication Sciences,Yes,2,9-12PM,61,5.1,11,No
1171,22,Female,Basic Sciences,Yes,2,6-9AM,81,8.3,6,No
1172,18,Male,Computer & Communication Sciences,No,4,3-6PM,63,7.4,4,Yes
1173,21,Female,Engineering,Yes,2,6-9AM,90,8.4,0,Yes
1174,19,Male,Basic Sciences,No,3,6-9PM,51,7.3,4,No
1175,22,Male,Engineering,Yes,1,3-6PM,40,7,8,Yes
1176,19,Female,Architecture,No,2,3-6PM,30,4.2,14,No
1177,22,Male,Management,No,0,3-6PM,30,6.4,12,Yes
1178,20,Male,Architecture,Yes,1,9-12PM,62,6.8,9,Yes
1179,25,Male,Basic Sciences,Yes,0,9-12PM,67,9.7,7,Yes
1180,18,Female,Architecture,No,0,12-3PM,59,7.8,9,Yes
1181,20,Male,Engineering,Yes,5,3-6PM,106,9.1,6,Yes
1182,18,Male,Computer & Communication Sciences,Yes,1,9-12PM,106,7.7,15,Yes
1183,24,Female,Basic Sciences,Yes,3,6-9AM,67,5.7,7,Yes
1184,24,Male,Basic Sciences,No,3,9-11PM,30,7,8,Yes
1185,19,Female,Architecture,No,2,6-9AM,61,7.2,0,Yes
1186,22,Male,Architecture,Yes,0,6-9PM,60,5.4,7,Yes
1187,23,Female,Engineering,Yes,3,6-9PM,59,6.2,11,No
1188,21,Male,Life Sciences,Yes,2,9-12PM,58,6.5,4,Yes
1189,21,Female,Engineering,Yes,3,9-12PM,59,9.2,5,Yes
1190,19,Male,Life Sciences,No,3,9-12PM,65,3.7,11,Yes
1191,18,Male,Computer & Communication Sciences,Yes,5,6-9PM,59,8.6,2,Yes
1192,24,Male,Life Sciences,Yes,2,3-6PM,80,5.4,12,Yes
1193,24,Male,Architecture,Yes,2,6-9PM,84,4.7,6,Yes
1194,22,Male,Basic Sciences,No,2,9-11PM,52,8.6,6,No
1195,20,Male,Engineering,Yes,0,6-9PM,107,7.9,4,No
1196,20,Female,Life Sciences,Yes,4,9-12PM,50,8.7,10,No
1197,22,Male,Engineering,Yes,0,9-12PM,35,8,18,Yes
1198,24,Male,Basic Sciences,Yes,1,6-9PM,85,9.9,11,Yes
1199,24,Female,Engineering,Yes,3,9-12PM,55,7.6,5,Yes
1200,23,Female,Engineering,Yes,2,6-9AM,83,6.6,13,Yes
1201,22,Male,Architecture,Yes,2,6-9PM,30,7.3,7,No
1202,18,Male,Engineering,No,2,12-3PM,110,8.7,13,Yes
1203,19,Male,Life Sciences,No,3,9-11PM,92,5.6,11,Yes
1204,24,Female,Engineering,No,2,6-9PM,37,5.8,0,Yes
1205,21,Female,Engineering,Yes,4,6-9AM,38,6.3,4,No
1206,18,Male,Basic Sciences,No,0,9-11PM,117,3.6,12,No
1207,18,Female,Engineering,Yes,3,9-12PM,57,7,9,Yes
1208,22,Female,Engineering,Yes,3,12-3PM,54,4,4,No
1209,18,Female,Life Sciences,Yes,1,12-3PM,30,6.9,5,Yes
1210,19,Female,Engineering,Yes,2,6-9AM,66,8.1,0,No
1211,21,Male,Computer & Communication Sciences,No,0,3-6PM,69,6.1,8,No
1212,22,Male,Engineering,Yes,3,9-12PM,93,9.3,17,No
1213,22,Male,Engineering,Yes,2,12-3PM,40,4.6,11,Yes
1214,19,Male,Life Sciences,Yes,2,12-3PM,37,8.6,17,Yes
1215,22,Female,Engineering,Yes,1,6-9PM,86,7.8,12,Yes
1216,19,Female,Engineering,Yes,1,6-9PM,100,4.2,12,Yes
1217,19,Male,Basic Sciences,Yes,0,9-12PM,36,10,16,No
1218,22,Male,Engineering,No,1,12-3PM,102,6.7,10,Yes
1219,22,Male,Computer & Communication Sciences,No,2,12-3PM,76,5.5,7,Yes
1220,23,Female,Engineering,Yes,3,9-12PM,102,4.7,12,No
1221,22,Male,Life Sciences,Yes,3,6-9PM,73,6.5,14,Yes
1222,21,Male,Computer & Communication Sciences,Yes,2,6-9PM,30,6.6,6,Yes
1223,18,Male,Basic Sciences,No,5,9-12PM,71,7,5,Yes
1224,20,Male,Computer & Communication Sciences,Yes,3,12-3PM,102,6.4,9,Yes
1225,19,Other,Basic Sciences,Yes,4,6-9AM,53,7.7,11,Yes
1226,19,Female,Management,Yes,2,3-6PM,65,6.2,11,No
1227,26,Male,Engineering,Yes,1,9-12PM,71,3.9,2,Yes
1228,20,Female,Life Sciences,Yes,0,9-11PM,30,6.6,16,No
1229,24,Female,Basic Sciences,No,3,6-9PM,117,3.2,5,Yes
1230,22,Female,Basic Sciences,Yes,0,12-3PM,52,7.3,7,Yes
1231,23,Male,Architecture,Yes,1,3-6PM,88,5.3,4,Yes
1232,21,Male,Life Sciences,No,2,9-11PM,73,7,19,Yes
1233,21,Male,Engineering,No,2,3-6PM,106,8.8,9,Yes
1234,21,Female,Engineering,Yes,2,9-12PM,85,5.4,5,Yes
1235,19,Male,Life Sciences,Yes,0,12-3PM,69,8.4,11,Yes
1236,22,Male,Architecture,Yes,2,6-9PM,53,6.1,11,Yes
1237,19,Male,Management,No,2,3-6PM,95,9.4,7,Yes
1238,18,Female,Life Sciences,Yes,5,6-9PM,30,6.3,11,Yes
1239,22,Male,Management,No,3,6-9PM,91,5.5,5,No
1240,19,Female,Life Sciences,No,4,6-9PM,48,7.8,6,No
1241,25,Female,Engineering,Yes,3,9-11PM,106,6.1,0,Yes
1242,25,Male,Engineering,Yes,2,6-9AM,79,5.5,3,Yes
1243,24,Female,Life Sciences,Yes,1,3-6PM,91,6.1,15,No
1244,20,Male,Architecture,Yes,3,6-9PM,77,6.7,15,Yes
1245,18,Female,Engineering,Yes,2,6-9PM,31,8.8,8,No
1246,24,Male,Basic Sciences,Yes,2,3-6PM,53,3.9,15,Yes
1247,20,Female,Management,No,2,9-12PM,92,6.8,7,No
1248,25,Female,Basic Sciences,Yes,2,6-9PM,79,7.7,7,Yes
1249,25,Female,Basic Sciences,No,2,6-9PM,105,7.1,8,No
1250,24,Female,Basic Sciences,Yes,2,6-9AM,85,8.8,8,Yes
1251,19,Male,Engineering,Yes,1,3-6PM,51,6.7,7,Yes
1252,20,Female,Basic Sciences,Yes,3,9-12PM,55,6.5,13,Yes
1253,24,Female,Basic Sciences,Yes,1,12-3PM,78,7.7,9,Yes
1254,19,Female,Engineering,No,0,6-9AM,30,6.9,11,No
1255,19,Male,Life Sciences,Yes,2,12-3PM,117,6.2,12,Yes
1256,21,Female,Basic Sciences,Yes,3,3-6PM,86,7.6,10,No
1257,25,Female,Computer & Communication Sciences,Yes,2,3-6PM,106,5.8,4,Yes
1258,22,Female,Computer & Communication Sciences,Yes,1,6-9PM,35,5.9,3,No
1259,21,Male,Engineering,Yes,2,6-9PM,106,6,9,Yes
1260,18,Female,Architecture,No,2,9-12PM,131,8.8,7,No
1261,21,Male,Basic Sciences,No,4,9-12PM,42,2,8,No
1262,27,Female,Computer & Communication Sciences,Yes,4,6-9PM,94,7.4,8,Yes
1263,18,Male,Engineering,Yes,2,9-12PM,75,6.9,18,No
1264,21,Female,Life Sciences,Yes,1,9-11PM,36,4.3,3,No
1265,24,Other,Architecture,Yes,3,6-9PM,87,7.3,0,Yes
1266,22,Male,Engineering,Yes,0,3-6PM,96,7.5,9,Yes
1267,22,Female,Engineering,Yes,2,9-11PM,60,7.7,6,Yes
1268,22,Male,Architecture,Yes,2,6-9AM,104,2.8,9,No
1269,20,Female,Life Sciences,Yes,4,12-3PM,33,8.8,10,Yes
1270,19,Female,Engineering,Yes,0,3-6PM,38,5.7,13,Yes
1271,23,Female,Architecture,Yes,2,12-3PM,78,7.8,2,Yes
1272,23,Female,Basic Sciences,Yes,3,9-11PM,76,7.9,6,Yes
1273,24,Female,Life Sciences,Yes,2,6-9AM,57,5.5,10,No
1274,24,Male,Engineering,No,0,3-6PM,95,7.8,11,No
1275,21,Male,Computer & Communication Sciences,Yes,5,3-6PM,88,6.2,17,Yes
1276,21,Female,Engineering,Yes,2,6-9PM,96,3.7,12,Yes
1277,23,Female,Basic Sciences,Yes,2,9-12PM,72,8.6,8,No
1278,22,Female,Engineering,No,1,12-3PM,90,5.6,4,Yes
1279,22,Female,Engineering,Yes,2,6-9PM,64,5.5,6,Yes
1280,23,Male,Basic Sciences,Yes,2,9-12PM,126,6.2,6,Yes
1281,24,Female,Engineering,Yes,0,6-9PM,55,7.2,11,Yes
1282,20,Male,Computer & Communication Sciences,No,0,3-6PM,128,6.7,9,Yes
1283,20,Female,Engineering,No,3,6-9PM,76,7.6,3,No
1284,18,Male,Basic Sciences,Yes,1,6-9PM,41,4.8,6,Yes
1285,21,Male,Engineering,No,1,9-12PM,109,5.7,12,No
1286,18,Male,Engineering,No,2,3-6PM,78,6.6,9,Yes
1287,20,Male,Engineering,No,3,6-9PM,96,9.6,10,Yes
1288,21,Female,Basic Sciences,Yes,0,12-3PM,106,6.6,10,No
1289,19,Male,Basic Sciences,Yes,2,9-11PM,83,8.4,15,Yes
1290,21,Male,Basic Sciences,Yes,0,3-6PM,60,6.9,9,Yes
1291,18,Male,Basic Sciences,No,0,9-12PM,99,6.1,6,Yes
1292,18,Male,Architecture,Yes,0,12-3PM,75,6.4,4,Yes
1293,23,Male,Engineering,Yes,3,9-11PM,92,6.5,9,No
1294,20,Male,Basic Sciences,Yes,0,12-3PM,30,7.7,0,Yes
1295,18,Female,Management,No,0,6-9PM,86,8.9,7,Yes
1296,21,Female,Basic Sciences,No,2,6-9PM,59,7.3,7,Yes
1297,23,Female,Life Sciences,Yes,3,12-3PM,116,8.6,3,Yes
1298,19,Male,Engineering,No,1,6-9AM,91,5.4,4,No
1299,21,Male,Life Sciences,Yes,2,6-9PM,81,6.2,11,No
1300,18,Female,Life Sciences,No,0,12-3PM,87,5.7,9,Yes
1301,18,Male,Basic Sciences,Yes,2,6-9PM,50,7.3,8,Yes
1302,21,Male,Management,Yes,2,12-3PM,116,6.3,9,Yes
1303,21,Male,Engineering,No,2,3-6PM,125,7.9,8,Yes
1304,22,Male,Engineering,Yes,2,6-9PM,85,5.4,13,No
1305,22,Male,Life Sciences,No,1,12-3PM,115,6.9,8,No
1306,26,Male,Life Sciences,Yes,0,12-3PM,61,7.8,2,Yes
1307,21,Female,Engineering,Yes,2,12-3PM,55,3.7,15,No
1308,19,Female,Engineering,Yes,0,12-3PM,76,10,9,Yes
1309,23,Female,Engineering,Yes,3,3-6PM,86,6.4,6,Yes
1310,19,Female,Engineering,Yes,5,6-9PM,65,3.8,3,Yes
1311,20,Female,Life Sciences,Yes,5,12-3PM,88,7,10,No
1312,18,Female,Basic Sciences,Yes,4,3-6PM,83,6.9,8,No
1313,18,Female,Engineering,Yes,2,6-9PM,50,6.7,14,Yes
1314,25,Male,Basic Sciences,No,3,9-12PM,88,8.3,7,Yes
1315,23,Male,Engineering,No,1,9-12PM,97,7.9,5,No
1316,22,Male,Engineering,Yes,2,9-11PM,79,7.2,12,Yes
1317,20,Female,Architecture,No,2,6-9PM,104,7.5,12,Yes
1318,19,Female,Management,Yes,2,3-6PM,45,6.6,9,No
1319,19,Male,Computer & Communication Sciences,Yes,3,3-6PM,87,9.5,11,No
1320,19,Female,Engineering,No,1,6-9AM,46,4.6,8,Yes
1321,21,Male,Computer & Communication Sciences,No,1,3-6PM,47,7,9,Yes
1322,22,Female,Life Sciences,Yes,4,3-6PM,59,6.9,13,Yes
1323,22,Male,Life Sciences,No,0,3-6PM,51,8,11,Yes
1324,19,Male,Basic Sciences,Yes,2,12-3PM,61,5.5,7,No
1325,25,Male,Basic Sciences,No,4,6-9AM,70,4.2,13,Yes
1326,22,Male,Engineering,Yes,2,9-12PM,96,7,0,No
1327,21,Male,Engineering,Yes,2,9-11PM,67,7.2,16,Yes
1328,21,Male,Engineering,Yes,1,12-3PM,35,9,1,Yes
1329,20,Female,Engineering,No,2,3-6PM,104,4.9,5,Yes
1330,19,Female,Basic Sciences,Yes,3,6-9AM,54,8.5,8,No
1331,20,Male,Life Sciences,No,2,6-9AM,74,10,7,Yes
1332,23,Female,Basic Sciences,Yes,2,6-9PM,86,6.2,12,Yes
1333,18,Female,Engineering,Yes,0,3-6PM,80,4.9,4,Yes
1334,18,Male,Management,Yes,0,3-6PM,102,6.2,9,Yes
1335,18,Male,Computer & Communication Sciences,Yes,5,9-12PM,87,6.8,6,Yes
1336,18,Male,Life Sciences,Yes,2,6-9PM,53,7.6,9,Yes
1337,24,Male,Management,Yes,2,9-12PM,129,5.9,8,Yes
1338,22,Female,Basic Sciences,Yes,0,9-12PM,80,9.1,8,Yes
1339,20,Male,Management,Yes,3,3-6PM,71,5.1,6,Yes
1340,18,Female,Engineering,Yes,4,9-12PM,99,4.2,6,Yes
1341,21,Female,Basic Sciences,No,2,9-12PM,81,8.5,9,Yes
1342,20,Male,Engineering,No,0,3-6PM,85,3.4,12,Yes
1343,19,Female,Engineering,Yes,2,6-9PM,137,6.5,6,Yes
1344,20,Male,Engineering,Yes,3,6-9PM,68,10,5,No
1345,20,Female,Architecture,Yes,2,12-3PM,67,6.8,10,Yes
1346,21,Male,Life Sciences,Yes,4,6-9AM,78,5.1,8,Yes
1347,22,Female,Architecture,Yes,2,9-12PM,102,6.7,11,Yes
1348,18,Female,Engineering,Yes,4,9-11PM,37,6.7,4,No
1349,20,Male,Life Sciences,Yes,2,3-6PM,30,7,1,No
1350,21,Female,Architecture,Yes,0,6-9PM,60,7.8,6,Yes
1351,21,Female,Basic Sciences,Yes,1,6-9AM,34,5.2,5,Yes
1352,24,Female,Life Sciences,No,1,3-6PM,64,9.3,8,Yes
1353,22,Female,Engineering,No,4,6-9AM,88,7.2,5,No
1354,19,Female,Engineering,Yes,3,3-6PM,53,7.9,11,No
1355,18,Male,Computer & Communication Sciences,Yes,3,9-11PM,39,5.9,7,Yes
1356,22,Male,Engineering,No,1,9-11PM,77,8.7,9,No
1357,18,Female,Basic Sciences,No,1,3-6PM,97,6.4,9,No
1358,21,Male,Computer & Communication Sciences,Yes,3,3-6PM,33,7.2,9,Yes
1359,25,Female,Life Sciences,Yes,2,9-11PM,96,5.4,8,Yes
1360,21,Female,Engineering,Yes,1,6-9PM,95,5.3,10,Yes
1361,20,Male,Engineering,Yes,2,6-9AM,99,7.8,5,Yes
1362,22,Male,Engineering,Yes,0,3-6PM,105,6.1,14,Yes
1363,20,Female,Architecture,Yes,1,9-12PM,130,5.5,7,Yes
1364,21,Male,Basic Sciences,Yes,2,3-6PM,66,5.8,3,No
1365,25,Female,Engineering,Yes,0,3-6PM,78,7.8,9,No
1366,20,Male,Management,No,6,3-6PM,65,5.9,5,Yes
1367,25,Female,Basic Sciences,Yes,1,12-3PM,75,6.6,11,Yes
1368,24,Male,Engineering,Yes,0,9-12PM,113,6.8,17,No
1369,19,Female,Basic Sciences,Yes,1,3-6PM,41,3.9,5,No
1370,18,Male,Life Sciences,Yes,3,6-9PM,53,4.6,9,No
1371,18,Female,Engineering,No,2,6-9PM,109,7.3,1,Yes
1372,18,Male,Engineering,Yes,2,12-3PM,101,5.7,10,Yes
1373,18,Female,Life Sciences,Yes,0,9-11PM,66,8.4,4,Yes
1374,22,Female,Basic Sciences,No,0,9-11PM,96,8.3,6,No
1375,18,Male,Basic Sciences,Yes,2,9-12PM,84,7.9,4,Yes
1376,19,Male,Basic Sciences,No,3,6-9AM,113,9.5,11,No
1377,23,Male,Engineering,Yes,4,6-9PM,77,6.7,12,Yes
1378,18,Female,Engineering,Yes,0,6-9PM,101,7.8,8,No
1379,23,Female,Basic Sciences,Yes,2,9-11PM,141,5.9,5,Yes
1380,19,Female,Engineering,Yes,4,6-9PM,90,10,14,Yes
1381,18,Male,Engineering,No,2,3-6PM,76,9.8,5,Yes
1382,22,Male,Computer & Communication Sciences,No,3,3-6PM,93,6.8,0,Yes
1383,21,Female,Management,Yes,0,6-9AM,66,7.4,10,Yes
1384,24,Male,Life Sciences,Yes,4,9-12PM,135,8.8,4,Yes
1385,22,Other,Computer & Communication Sciences,No,3,3-6PM,80,6.6,12,Yes
1386,23,Male,Engineering,No,5,3-6PM,68,5.8,6,Yes
1387,19,Female,Management,Yes,3,3-6PM,54,8.1,10,No
1388,19,Male,Engineering,Yes,2,6-9PM,102,6.9,14,Yes
1389,23,Male,Management,Yes,4,9-12PM,97,7.1,3,Yes
1390,23,Female,Management,No,1,3-6PM,63,5.5,6,No
1391,27,Female,Life Sciences,Yes,2,6-9AM,89,4.2,8,Yes
1392,20,Other,Management,Yes,3,12-3PM,37,7.2,14,No
1393,20,Male,Architecture,No,3,6-9PM,80,8.2,5,Yes
1394,23,Male,Engineering,Yes,4,6-9PM,86,6.5,6,Yes
1395,20,Female,Basic Sciences,Yes,1,9-11PM,118,9,10,Yes
1396,25,Female,Architecture,Yes,3,9-12PM,56,5.7,6,Yes
1397,24,Male,Engineering,Yes,3,3-6PM,43,5.2,9,Yes
1398,20,Male,Architecture,Yes,0,12-3PM,53,6.7,2,Yes
1399,23,Male,Management,Yes,2,12-3PM,42,6.7,17,Yes
1400,23,Female,Engineering,Yes,1,6-9PM,108,8,3,Yes
1401,18,Male,Life Sciences,Yes,1,6-9PM,114,5.6,7,Yes
1402,24,Male,Computer & Communication Sciences,No,6,6-9PM,83,8.9,8,Yes
1403,21,Male,Computer & Communication Sciences,No,2,9-12PM,106,9.8,16,Yes
1404,23,Male,Management,Yes,3,6-9PM,78,6.7,3,Yes
1405,19,Male,Basic Sciences,Yes,5,6-9AM,73,8.7,16,Yes
1406,24,Male,Management,Yes,2,6-9PM,67,5.2,11,Yes
1407,20,Male,Life Sciences,Yes,3,12-3PM,67,8.4,10,Yes
1408,18,Female,Engineering,Yes,2,12-3PM,36,8.4,4,Yes
1409,24,Male,Basic Sciences,Yes,4,3-6PM,82,8.1,10,Yes
1410,18,Female,Life Sciences,Yes,1,9-11PM,74,6.8,5,Yes
1411,19,Female,Engineering,Yes,5,6-9AM,94,2.4,13,Yes
1412,25,Female,Architecture,Yes,1,12-3PM,77,5.8,4,Yes
1413,25,Female,Architecture,No,1,6-9PM,71,5.9,8,Yes
1414,21,Male,Engineering,Yes,3,12-3PM,53,5.3,6,Yes
1415,22,Male,Architecture,Yes,2,9-12PM,77,7,4,Yes
1416,20,Female,Life Sciences,Yes,2,12-3PM,93,6.2,11,Yes
1417,19,Other,Basic Sciences,No,2,12-3PM,46,5.6,10,No
1418,19,Female,Engineering,No,3,9-11PM,77,5.2,13,No
1419,22,Female,Engineering,Yes,1,6-9PM,81,5.7,1,Yes
1420,23,Female,Basic Sciences,Yes,0,3-6PM,57,8.5,12,Yes
1421,23,Male,Computer & Communication Sciences,Yes,1,9-11PM,60,5.8,18,Yes
1422,23,Male,Engineering,Yes,2,3-6PM,81,6,6,No
1423,18,Female,Architecture,Yes,0,6-9AM,47,6.1,16,Yes
1424,21,Female,Engineering,No,2,9-12PM,84,7.3,7,No
1425,18,Male,Engineering,Yes,2,12-3PM,53,7.5,3,Yes
1426,21,Female,Computer & Communication Sciences,No,0,9-12PM,102,2.2,7,Yes
1427,20,Male,Life Sciences,Yes,2,9-11PM,133,8.3,12,Yes
1428,24,Female,Engineering,Yes,4,6-9PM,53,9,5,Yes
1429,20,Male,Basic Sciences,No,0,9-12PM,88,5.2,6,Yes
1430,18,Male,Engineering,Yes,2,3-6PM,57,5.3,10,Yes
1431,18,Female,Basic Sciences,Yes,3,6-9PM,101,6.1,8,Yes
1432,23,Male,Architecture,Yes,2,9-11PM,43,5.7,10,No
1433,21,Female,Engineering,Yes,3,6-9PM,87,7.1,9,Yes
1434,18,Female,Engineering,No,2,3-6PM,53,3.9,10,Yes
1435,18,Female,Basic Sciences,Yes,2,6-9PM,70,5.1,6,Yes
1436,22,Male,Computer & Communication Sciences,No,0,3-6PM,49,9.1,9,Yes
1437,18,Male,Management,No,3,3-6PM,96,5.4,4,Yes
1438,23,Male,Engineering,No,3,6-9AM,54,8.7,13,Yes
1439,22,Other,Life Sciences,Yes,0,9-12PM,89,7.3,5,Yes
1440,18,Female,Basic Sciences,Yes,2,3-6PM,66,4.1,13,Yes
1441,18,Female,Basic Sciences,No,5,9-12PM,72,7.8,7,Yes
1442,26,Female,Life Sciences,Yes,2,6-9AM,79,6.6,9,Yes
1443,20,Female,Computer & Communication Sciences,Yes,2,6-9PM,56,6.1,6,No
1444,20,Female,Management,Yes,4,6-9AM,80,7.2,4,Yes
1445,23,Male,Architecture,Yes,3,3-6PM,113,7.5,1,Yes
1446,25,Female,Basic Sciences,Yes,2,3-6PM,56,7.9,4,Yes
1447,26,Male,Life Sciences,Yes,3,9-11PM,104,8.6,7,No
1448,23,Female,Engineering,Yes,4,3-6PM,112,7.4,9,Yes
1449,20,Female,Architecture,No,2,6-9AM,55,4.7,12,Yes
1450,18,Female,Basic Sciences,Yes,2,3-6PM,39,6.1,6,Yes
1451,23,Male,Architecture,No,2,6-9PM,83,10,4,Yes
1452,21,Male,Engineering,No,5,9-11PM,61,7.9,2,No
1453,20,Male,Engineering,No,3,12-3PM,122,10,10,Yes
1454,24,Male,Computer & Communication Sciences,Yes,0,12-3PM,76,8.9,14,No
1455,18,Male,Engineering,No,4,9-11PM,55,7.2,13,Yes
1456,21,Female,Basic Sciences,Yes,2,9-12PM,46,7.3,11,Yes
1457,18,Female,Engineering,No,0,3-6PM,102,6.7,11,No
1458,20,Male,Engineering,Yes,2,12-3PM,61,4.2,15,Yes
1459,18,Male,Engineering,No,2,6-9AM,76,6.8,9,Yes
1460,18,Male,Engineering,No,4,12-3PM,99,8.6,11,Yes
1461,18,Female,Computer & Communication Sciences,Yes,1,9-12PM,63,5.9,7,Yes
1462,22,Male,Engineering,Yes,3,6-9PM,74,7.4,3,Yes
1463,22,Female,Management,No,2,9-11PM,75,8.1,5,No
1464,21,Male,Architecture,Yes,0,9-12PM,92,5.4,8,No
1465,25,Other,Basic Sciences,No,5,6-9PM,90,6.1,8,Yes
1466,20,Female,Architecture,Yes,2,6-9AM,69,5.3,16,Yes
1467,19,Male,Basic Sciences,Yes,1,3-6PM,77,5.6,8,Yes
1468,24,Female,Life Sciences,No,2,6-9AM,66,4.9,13,Yes
1469,19,Male,Engineering,Yes,3,9-11PM,38,5.4,6,Yes
1470,25,Female,Basic Sciences,No,1,6-9PM,81,8.9,7,Yes
1471,18,Male,Computer & Communication Sciences,Yes,1,6-9PM,122,5.4,3,Yes
1472,25,Female,Computer & Communication Sciences,Yes,0,6-9PM,53,7,5,Yes
1473,18,Female,Computer & Communication Sciences,Yes,1,3-6PM,56,6,10,Yes
1474,24,Female,Basic Sciences,Yes,3,9-11PM,53,8.6,8,Yes
1475,21,Female,Life Sciences,No,2,6-9PM,93,8.8,12,No
1476,27,Male,Basic Sciences,Yes,1,9-11PM,86,8.1,9,Yes
1477,18,Male,Basic Sciences,Yes,0,3-6PM,71,7.3,7,Yes
1478,21,Male,Engineering,Yes,2,6-9AM,52,6.5,17,Yes
1479,25,Male,Architecture,No,4,3-6PM,77,5,8,Yes
1480,21,Female,Engineering,Yes,2,9-12PM,36,9.7,13,Yes
1481,21,Male,Engineering,No,6,3-6PM,79,5.7,6,Yes
1482,22,Female,Computer & Communication Sciences,Yes,2,3-6PM,97,7.8,11,No
1483,20,Female,Engineering,Yes,0,3-6PM,44,8.4,12,Yes
1484,21,Female,Engineering,No,4,6-9AM,37,6,9,Yes
1485,21,Male,Engineering,Yes,2,9-12PM,114,8.4,0,Yes
1486,24,Female,Computer & Communication Sciences,Yes,3,3-6PM,60,7.9,8,No
1487,18,Female,Basic Sciences,Yes,6,9-11PM,103,9.4,13,No
1488,19,Male,Basic Sciences,Yes,0,12-3PM,71,6.1,10,No
1489,25,Female,Life Sciences,No,0,12-3PM,71,4.9,10,Yes
1490,24,Female,Computer & Communication Sciences,Yes,3,6-9PM,86,6,1,No
1491,20,Male,Engineering,No,1,3-6PM,53,7.1,5,Yes
1492,21,Male,Life Sciences,Yes,1,9-12PM,78,6.9,10,Yes
1493,19,Male,Life Sciences,Yes,0,12-3PM,65,6.2,10,No
1494,19,Male,Architecture,No,0,9-12PM,42,3.9,13,No
1495,20,Male,Engineering,Yes,3,9-11PM,83,7.5,7,Yes
1496,20,Male,Computer & Communication Sciences,Yes,0,9-12PM,68,9.8,10,Yes
1497,21,Male,Basic Sciences,Yes,2,12-3PM,71,7.5,8,Yes
1498,18,Male,Engineering,Yes,2,6-9AM,45,7.7,4,Yes
1499,26,Female,Basic Sciences,Yes,2,9-12PM,115,7.7,0,Yes
1500,26,Female,Engineering,Yes,0,6-9PM,97,7.4,10,No
1501,22,Female,Engineering,Yes,3,9-12PM,99,8.2,9,Yes
1502,21,Male,Life Sciences,Yes,0,6-9AM,67,7.4,6,No
1503,19,Male,Engineering,Yes,3,3-6PM,32,6.3,2,No
1504,23,Male,Basic Sciences,Yes,4,6-9AM,124,5.6,11,Yes
1505,22,Male,Basic Sciences,Yes,2,6-9AM,73,6.4,7,No
1506,19,Male,Engineering,Yes,2,6-9PM,56,7.3,10,Yes
1507,24,Female,Management,No,2,6-9PM,85,6.3,15,Yes
1508,23,Male,Engineering,Yes,2,9-11PM,104,7.3,0,Yes
1509,25,Female,Engineering,No,4,6-9PM,74,7.5,5,Yes
1510,22,Female,Engineering,Yes,4,6-9PM,107,8,7,No
1511,21,Male,Engineering,Yes,2,6-9AM,102,8.7,14,No
1512,20,Male,Engineering,Yes,2,6-9PM,48,6.9,1,Yes
1513,25,Female,Life Sciences,Yes,4,6-9PM,58,4.8,16,No
1514,24,Male,Management,Yes,5,6-9PM,99,6.3,9,Yes
1515,18,Male,Engineering,Yes,2,3-6PM,30,6.9,8,No
1516,18,Other,Architecture,Yes,2,9-12PM,71,4,7,Yes
1517,20,Male,Life Sciences,No,1,6-9PM,39,8.9,6,Yes
1518,23,Female,Computer & Communication Sciences,Yes,5,6-9PM,63,7,12,Yes
1519,26,Other,Basic Sciences,Yes,0,9-11PM,68,7.4,4,Yes
1520,19,Male,Engineering,No,2,9-12PM,66,8.8,9,Yes
1521,21,Male,Engineering,Yes,1,9-12PM,61,5.9,6,No
1522,20,Male,Life Sciences,Yes,1,9-12PM,48,7.7,5,Yes
1523,25,Male,Life Sciences,No,2,6-9PM,132,6.6,18,No
1524,23,Male,Engineering,No,7,9-12PM,122,6.5,10,Yes
1525,23,Female,Basic Sciences,No,0,6-9AM,46,5.6,10,Yes
1526,20,Male,Computer & Communication Sciences,Yes,2,9-11PM,115,9.3,13,Yes
1527,20,Male,Life Sciences,Yes,0,6-9AM,65,6.2,2,No
1528,19,Other,Management,No,0,6-9PM,78,7.8,15,Yes
1529,18,Female,Life Sciences,Yes,2,12-3PM,73,4,0,Yes
1530,24,Female,Basic Sciences,Yes,2,6-9PM,59,8.6,5,Yes
1531,23,Male,Architecture,Yes,1,3-6PM,100,8.4,6,Yes
1532,28,Female,Architecture,Yes,1,9-11PM,78,6.9,10,No
1533,28,Female,Engineering,Yes,0,9-11PM,63,6.5,9,Yes
1534,21,Male,Basic Sciences,Yes,1,6-9AM,42,7.4,7,Yes
1535,23,Male,Life Sciences,Yes,5,6-9AM,53,10,8,Yes
1536,25,Female,Engineering,Yes,5,9-12PM,34,4.2,4,No
1537,23,Male,Life Sciences,No,2,6-9PM,75,8,2,No
1538,19,Male,Architecture,Yes,2,6-9PM,45,5.4,11,Yes
1539,20,Male,Management,Yes,4,3-6PM,68,6.8,11,Yes
1540,18,Male,Engineering,Yes,0,3-6PM,109,6.4,14,Yes
1541,25,Female,Engineering,Yes,3,9-12PM,105,6.2,5,Yes
1542,21,Female,Architecture,Yes,5,6-9PM,74,6.8,11,Yes
1543,19,Female,Engineering,Yes,0,9-11PM,73,5.1,7,No
1544,22,Male,Life Sciences,No,0,9-12PM,122,8.3,13,Yes
1545,21,Male,Life Sciences,No,5,3-6PM,88,4.1,12,Yes
1546,20,Male,Engineering,Yes,2,6-9AM,67,7.6,9,No
1547,18,Male,Basic Sciences,Yes,0,3-6PM,39,6.3,7,Yes
1548,22,Male,Basic Sciences,Yes,1,3-6PM,85,5,12,Yes
1549,21,Female,Basic Sciences,No,2,9-12PM,96,7.1,11,Yes
1550,23,Male,Computer & Communication Sciences,No,3,12-3PM,59,4.5,5,Yes
1551,21,Female,Computer & Communication Sciences,Yes,3,12-3PM,82,6.9,3,No
1552,24,Male,Life Sciences,Yes,7,3-6PM,66,4.7,7,Yes
1553,21,Male,Life Sciences,No,1,3-6PM,70,7.5,14,Yes
1554,21,Male,Basic Sciences,Yes,2,6-9AM,30,5.4,13,Yes
1555,24,Female,Computer & Communication Sciences,Yes,2,6-9PM,69,6.1,4,No
1556,20,Female,Life Sciences,Yes,2,6-9PM,99,7.2,3,Yes
1557,18,Female,Life Sciences,Yes,0,12-3PM,59,5.6,13,Yes
1558,18,Male,Computer & Communication Sciences,No,5,6-9AM,76,6.7,3,No
1559,23,Male,Engineering,No,3,6-9PM,56,4.5,10,Yes
1560,21,Female,Life Sciences,Yes,2,9-11PM,84,7.7,6,Yes
1561,22,Male,Engineering,Yes,2,9-12PM,70,9.4,14,Yes
1562,19,Female,Engineering,Yes,1,12-3PM,52,10,5,Yes
1563,18,Male,Engineering,Yes,2,9-12PM,108,6.9,13,Yes
1564,18,Male,Management,Yes,3,3-6PM,98,8,9,Yes
1565,20,Male,Computer & Communication Sciences,Yes,2,9-12PM,60,4.1,9,Yes
1566,21,Male,Life Sciences,Yes,6,12-3PM,87,9.1,0,Yes
1567,20,Female,Life Sciences,Yes,2,6-9PM,88,8,0,Yes
1568,20,Male,Architecture,Yes,2,3-6PM,91,6.1,7,Yes
1569,24,Male,Computer & Communication Sciences,Yes,3,12-3PM,33,8.7,9,Yes
1570,20,Male,Basic Sciences,Yes,0,12-3PM,100,6.4,3,No
1571,21,Male,Basic Sciences,Yes,2,3-6PM,61,6.1,4,Yes
1572,23,Female,Engineering,No,2,6-9AM,66,7.5,10,No
1573,20,Female,Life Sciences,Yes,2,6-9AM,141,5.2,10,Yes
1574,21,Female,Life Sciences,Yes,3,6-9PM,83,8.3,7,Yes
1575,24,Female,Basic Sciences,No,2,6-9AM,65,5.2,11,Yes
1576,25,Male,Engineering,No,3,6-9PM,30,5.2,3,No
1577,18,Female,Computer & Communication Sciences,Yes,2,9-11PM,110,5.4,7,No
1578,24,Male,Engineering,No,2,9-12PM,41,7.9,15,Yes
1579,21,Male,Life Sciences,Yes,3,12-3PM,50,5.9,8,No
1580,19,Female,Management,Yes,1,3-6PM,67,4.8,9,Yes
1581,20,Male,Basic Sciences,Yes,1,6-9PM,110,5.9,17,Yes
1582,26,Female,Engineering,Yes,2,9-11PM,94,6.8,2,No
1583,21,Male,Life Sciences,No,1,6-9PM,71,5,11,No
1584,19,Female,Life Sciences,Yes,0,6-9AM,83,5.1,15,No
1585,22,Female,Basic Sciences,Yes,2,6-9PM,60,10,7,Yes
1586,19,Female,Management,Yes,2,12-3PM,78,5.5,11,Yes
1587,18,Female,Engineering,Yes,2,3-6PM,77,6.3,4,Yes
1588,18,Female,Basic Sciences,Yes,5,6-9AM,99,6.2,5,Yes
1589,18,Male,Life Sciences,No,2,9-12PM,99,6.2,10,No
1590,19,Male,Computer & Communication Sciences,No,4,6-9PM,87,7.7,11,Yes
1591,18,Male,Engineering,No,0,3-6PM,66,8.2,12,Yes
1592,22,Female,Life Sciences,No,2,12-3PM,94,6.3,14,Yes
1593,19,Male,Architecture,Yes,4,12-3PM,73,4.9,8,Yes
1594,20,Female,Basic Sciences,No,2,6-9PM,48,8.7,13,Yes
1595,24,Male,Engineering,Yes,3,6-9PM,65,6.7,7,Yes
1596,20,Male,Computer & Communication Sciences,Yes,2,9-12PM,77,9.4,12,No
1597,22,Female,Engineering,Yes,0,6-9AM,98,3.4,9,Yes
1598,19,Male,Engineering,Yes,2,9-12PM,70,7.1,10,No
1599,19,Male,Engineering,Yes,2,9-11PM,45,9.7,10,Yes
1600,18,Male,Computer & Communication Sciences,Yes,4,3-6PM,76,6.3,2,Yes
1601,19,Female,Life Sciences,No,1,3-6PM,78,6.5,4,Yes
1602,19,Female,Life Sciences,Yes,5,3-6PM,80,7.2,8,No
1603,19,Male,Engineering,Yes,5,12-3PM,98,6,1,Yes
1604,18,Male,Architecture,No,1,6-9PM,100,6.3,11,Yes
1605,18,Male,Architecture,Yes,2,3-6PM,60,6.3,11,Yes
1606,20,Female,Computer & Communication Sciences,Yes,4,6-9AM,60,5.9,9,Yes
1607,19,Female,Computer & Communication Sciences,Yes,5,9-12PM,49,8.6,4,No
1608,20,Male,Engineering,Yes,2,3-6PM,92,7.5,14,No
1609,21,Male,Life Sciences,Yes,1,9-11PM,111,7.2,16,Yes
1610,22,Male,Engineering,Yes,2,12-3PM,67,8,9,Yes
1611,18,Female,Basic Sciences,Yes,3,6-9PM,69,6.4,10,No
1612,23,Female,Engineering,Yes,1,6-9PM,112,5.6,9,Yes
1613,21,Male,Engineering,Yes,3,9-12PM,88,5.9,10,Yes
1614,18,Male,Basic Sciences,Yes,0,6-9AM,86,6.8,8,Yes
1615,24,Male,Architecture,Yes,0,6-9AM,45,5.2,8,Yes
1616,24,Female,Engineering,No,2,6-9PM,92,6,12,Yes
1617,18,Male,Life Sciences,Yes,2,9-12PM,52,6,17,No
1618,19,Female,Basic Sciences,Yes,1,12-3PM,47,10,2,Yes
1619,23,Female,Engineering,No,2,3-6PM,66,2.6,8,Yes
1620,22,Male,Life Sciences,Yes,1,6-9PM,60,6.5,3,No
1621,19,Male,Engineering,Yes,1,6-9AM,69,9.4,14,Yes
1622,19,Male,Basic Sciences,Yes,1,12-3PM,39,7,6,Yes
1623,20,Female,Life Sciences,No,5,3-6PM,99,7.9,2,Yes
1624,20,Female,Engineering,No,2,3-6PM,103,6.9,11,Yes
1625,21,Female,Engineering,Yes,2,6-9PM,30,5.8,15,No
1626,20,Female,Basic Sciences,No,2,9-12PM,99,3.4,11,No
1627,20,Male,Computer & Communication Sciences,Yes,6,6-9PM,55,7.1,9,Yes
1628,22,Female,Architecture,Yes,1,6-9PM,96,5.6,10,Yes
1629,18,Female,Life Sciences,Yes,3,3-6PM,73,5.6,14,Yes
1630,19,Male,Architecture,Yes,3,6-9PM,76,6.1,5,No
1631,22,Female,Engineering,No,2,12-3PM,70,9.4,8,Yes
1632,24,Female,Basic Sciences,Yes,0,9-12PM,105,10,6,Yes
1633,21,Female,Life Sciences,Yes,3,6-9PM,44,7.1,3,Yes
1634,21,Female,Engineering,No,0,3-6PM,90,6.1,7,Yes
1635,18,Female,Engineering,Yes,2,3-6PM,103,5,12,Yes
1636,20,Female,Engineering,Yes,3,12-3PM,93,7.5,10,Yes
1637,21,Male,Basic Sciences,Yes,1,9-11PM,133,9.5,11,No
1638,19,Male,Management,No,3,3-6PM,62,6.4,9,Yes
1639,19,Female,Engineering,No,0,6-9AM,99,3.2,10,No
1640,20,Male,Basic Sciences,Yes,3,12-3PM,72,7.8,5,Yes
1641,18,Male,Engineering,Yes,2,6-9PM,106,8.3,7,Yes
1642,19,Male,Management,Yes,1,6-9PM,75,4.4,9,No
1643,19,Male,Engineering,No,0,3-6PM,65,7.1,9,Yes
1644,19,Female,Basic Sciences,Yes,5,6-9PM,108,7.5,9,No
1645,18,Female,Life Sciences,Yes,0,9-12PM,63,6.7,7,No
1646,24,Male,Life Sciences,No,1,12-3PM,40,5.6,6,Yes
1647,21,Male,Basic Sciences,Yes,2,6-9PM,62,8.3,21,Yes
1648,22,Male,Engineering,Yes,2,6-9PM,90,6.2,12,Yes
1649,23,Female,Basic Sciences,Yes,2,6-9PM,110,4.6,10,Yes
1650,21,Female,Engineering,No,0,6-9PM,78,3.7,7,Yes
1651,18,Male,Engineering,Yes,1,6-9AM,108,8.7,6,No
1652,21,Female,Basic Sciences,Yes,1,6-9PM,41,7.7,7,Yes
1653,21,Female,Engineering,Yes,1,12-3PM,64,6.9,9,Yes
1654,22,Female,Engineering,Yes,2,9-12PM,68,6.1,0,Yes
1655,20,Female,Architecture,Yes,3,9-12PM,72,6,2,No
1656,18,Male,Management,Yes,1,12-3PM,77,5.2,5,Yes
1657,19,Female,Architecture,No,2,9-12PM,92,6.2,9,Yes
1658,20,Male,Engineering,Yes,2,12-3PM,64,3.6,7,Yes
1659,22,Female,Engineering,Yes,5,9-12PM,78,5.7,14,No
1660,21,Female,Management,Yes,5,9-12PM,74,6.3,2,No
1661,20,Female,Engineering,Yes,3,3-6PM,52,7.7,5,Yes
1662,26,Female,Engineering,No,1,12-3PM,72,6.7,14,No
1663,21,Male,Architecture,Yes,0,12-3PM,71,8,9,Yes
1664,19,Female,Architecture,Yes,1,6-9PM,71,8.8,12,No
1665,18,Other,Architecture,Yes,1,6-9PM,76,8.4,16,Yes
1666,19,Female,Engineering,Yes,2,6-9PM,77,7.5,5,Yes
1667,19,Male,Engineering,Yes,3,12-3PM,64,6.8,8,Yes
1668,19,Male,Management,Yes,3,6-9PM,107,5.3,7,Yes
1669,19,Male,Engineering,No,3,9-12PM,46,7.9,0,No
1670,19,Female,Life Sciences,No,2,9-12PM,57,9.3,7,Yes
1671,19,Female,Life Sciences,Yes,3,12-3PM,144,7.3,12,No
1672,24,Male,Architecture,No,1,6-9PM,49,9.7,10,Yes
1673,18,Male,Engineering,Yes,0,9-12PM,41,4.5,10,Yes
1674,21,Female,Engineering,Yes,3,6-9AM,93,5.1,6,Yes
1675,20,Female,Architecture,Yes,0,9-12PM,30,8.1,5,Yes
1676,26,Female,Computer & Communication Sciences,Yes,2,6-9PM,69,7.2,13,No
1677,18,Female,Computer & Communication Sciences,Yes,1,3-6PM,129,8.8,6,Yes
1678,20,Male,Engineering,Yes,3,9-12PM,36,6.8,9,Yes
1679,25,Male,Engineering,Yes,3,3-6PM,30,5.5,9,Yes
1680,24,Female,Computer & Communication Sciences,Yes,1,3-6PM,38,6.5,14,Yes
1681,23,Female,Life Sciences,Yes,3,6-9PM,97,4.5,12,No
1682,19,Female,Computer & Communication Sciences,No,1,9-12PM,103,5.1,3,Yes
1683,19,Female,Engineering,Yes,2,6-9PM,62,8.3,3,No
1684,22,Female,Architecture,Yes,3,12-3PM,92,8.1,10,Yes
1685,24,Male,Life Sciences,Yes,3,6-9PM,110,7.3,8,Yes
1686,21,Male,Life Sciences,Yes,6,6-9AM,120,4.2,6,No
1687,21,Male,Basic Sciences,No,1,12-3PM,69,6.3,12,Yes
1688,19,Male,Engineering,Yes,3,12-3PM,30,5,9,Yes
1689,23,Female,Architecture,Yes,2,3-6PM,54,8.6,8,Yes
1690,19,Other,Engineering,No,4,6-9AM,64,5.9,11,Yes
1691,19,Male,Basic Sciences,Yes,0,6-9PM,69,5.2,6,No
1692,20,Male,Management,Yes,3,9-12PM,70,6.8,14,Yes
1693,21,Female,Basic Sciences,Yes,2,6-9PM,103,5.8,5,No
1694,19,Male,Computer & Communication Sciences,No,1,6-9PM,107,9,11,Yes
1695,18,Female,Engineering,Yes,2,3-6PM,71,5.7,14,Yes
1696,21,Female,Life Sciences,Yes,2,6-9PM,102,4.7,2,Yes
1697,19,Female,Management,Yes,2,6-9PM,84,3.6,7,Yes
1698,21,Male,Engineering,Yes,4,12-3PM,77,6.8,13,No
1699,19,Male,Engineering,Yes,2,6-9PM,98,6,13,Yes
1700,20,Female,Basic Sciences,Yes,2,9-12PM,77,4.7,7,Yes
1701,21,Female,Engineering,Yes,2,3-6PM,126,8.6,5,No
1702,18,Male,Life Sciences,No,0,6-9PM,39,7.8,12,No
1703,20,Female,Computer & Communication Sciences,No,1,12-3PM,62,6.8,13,Yes
1704,18,Male,Basic Sciences,Yes,2,12-3PM,72,8.8,3,No
1705,18,Female,Engineering,No,1,3-6PM,86,7.8,3,Yes
1706,26,Male,Basic Sciences,Yes,1,6-9PM,107,5.6,9,Yes
1707,19,Female,Life Sciences,Yes,2,9-11PM,74,5.2,11,Yes
1708,23,Male,Engineering,Yes,1,3-6PM,39,8,7,Yes
1709,19,Male,Architecture,No,1,6-9PM,96,7.4,11,Yes
1710,22,Male,Architecture,No,2,9-11PM,94,7.1,5,Yes
1711,23,Male,Architecture,Yes,0,6-9AM,30,5.5,0,Yes
1712,21,Female,Engineering,No,4,9-12PM,75,7.7,6,No
1713,20,Other,Life Sciences,Yes,4,6-9PM,35,5.7,8,No
1714,20,Male,Engineering,No,3,6-9PM,58,6.6,7,No
1715,20,Male,Engineering,No,0,6-9PM,52,9,3,Yes
1716,24,Female,Computer & Communication Sciences,Yes,3,12-3PM,95,5.8,1,Yes
1717,23,Female,Life Sciences,No,3,6-9AM,78,4.4,6,Yes
1718,25,Female,Engineering,Yes,3,12-3PM,43,5.2,12,Yes
1719,18,Male,Engineering,Yes,0,9-12PM,97,8.3,13,Yes
1720,22,Male,Engineering,Yes,2,9-12PM,39,7.2,13,Yes
1721,25,Female,Engineering,Yes,3,6-9PM,83,6.6,5,Yes
1722,19,Male,Engineering,No,2,6-9AM,55,6,3,Yes
1723,18,Female,Engineering,Yes,2,6-9PM,66,7.5,10,Yes
1724,22,Male,Basic Sciences,Yes,2,12-3PM,88,5.5,11,Yes
1725,21,Female,Life Sciences,No,2,3-6PM,88,7.3,10,Yes
1726,23,Male,Architecture,No,0,6-9AM,108,5.7,0,Yes
1727,18,Female,Life Sciences,Yes,2,12-3PM,73,5.5,5,Yes
1728,23,Male,Engineering,No,0,6-9AM,83,5.8,8,Yes
1729,19,Female,Management,Yes,2,9-11PM,64,6.2,10,Yes
1730,19,Male,Computer & Communication Sciences,No,1,6-9PM,80,6.7,11,Yes
1731,19,Female,Life Sciences,Yes,2,3-6PM,86,7.2,9,No
1732,23,Female,Computer & Communication Sciences,Yes,0,9-12PM,73,1.3,9,No
1733,22,Female,Computer & Communication Sciences,Yes,3,9-11PM,30,5.6,8,Yes
1734,21,Female,Basic Sciences,Yes,3,12-3PM,83,6.2,11,Yes
1735,20,Female,Engineering,Yes,0,9-12PM,84,9.1,9,No
1736,24,Female,Architecture,Yes,0,3-6PM,58,5.2,8,Yes
1737,20,Male,Life Sciences,Yes,0,9-11PM,43,7,7,Yes
1738,23,Female,Life Sciences,No,4,6-9AM,112,9,8,Yes
1739,20,Male,Basic Sciences,Yes,2,9-12PM,87,4.8,10,Yes
1740,20,Male,Engineering,Yes,2,9-11PM,69,7.4,9,No
1741,20,Male,Basic Sciences,Yes,0,9-12PM,47,5.6,10,No
1742,19,Male,Computer & Communication Sciences,Yes,2,6-9AM,54,6,13,Yes
1743,22,Female,Architecture,No,4,3-6PM,108,5.6,9,Yes
1744,21,Female,Basic Sciences,No,3,6-9PM,78,5.7,5,Yes
1745,19,Female,Engineering,Yes,2,3-6PM,61,10,12,Yes
1746,24,Male,Basic Sciences,Yes,0,9-11PM,88,8.1,3,No
1747,20,Male,Computer & Communication Sciences,No,0,6-9PM,55,8.5,4,Yes
1748,21,Male,Architecture,Yes,0,6-9AM,113,7.5,9,Yes
1749,24,Male,Life Sciences,No,1,9-11PM,109,4.4,10,No
1750,21,Male,Basic Sciences,Yes,0,12-3PM,63,7.4,3,No
1751,18,Male,Architecture,No,1,9-12PM,59,8.4,6,No
1752,25,Male,Engineering,Yes,2,3-6PM,30,5.5,6,Yes
1753,21,Female,Life Sciences,Yes,5,12-3PM,38,8.2,6,Yes
1754,20,Female,Basic Sciences,No,2,6-9AM,42,7.9,12,Yes
1755,18,Other,Basic Sciences,Yes,3,6-9AM,78,9.6,11,Yes
1756,23,Female,Architecture,Yes,3,12-3PM,67,6.2,8,No
1757,21,Female,Computer & Communication Sciences,Yes,0,6-9PM,41,5.2,6,Yes
1758,21,Male,Engineering,Yes,3,3-6PM,68,6.3,3,No
1759,24,Female,Computer & Communication Sciences,Yes,1,9-11PM,88,9,14,Yes
1760,23,Female,Engineering,Yes,2,9-12PM,88,4.1,10,No
1761,19,Male,Basic Sciences,Yes,2,9-12PM,30,3.7,5,Yes
1762,19,Male,Engineering,Yes,7,9-12PM,72,6.9,11,No
1763,19,Female,Engineering,No,1,9-12PM,40,6.1,8,Yes
1764,22,Male,Basic Sciences,Yes,1,9-12PM,98,6.8,7,Yes
1765,18,Female,Engineering,Yes,4,6-9PM,95,8.2,10,No
1766,21,Female,Basic Sciences,Yes,0,9-11PM,53,6,5,Yes
1767,23,Male,Computer & Communication Sciences,Yes,3,9-11PM,56,4,7,Yes
1768,24,Male,Engineering,Yes,3,9-12PM,63,9.9,8,No
1769,20,Male,Life Sciences,Yes,3,6-9PM,30,5.3,6,Yes
1770,23,Male,Basic Sciences,Yes,5,12-3PM,83,5.2,11,Yes
1771,18,Male,Architecture,Yes,5,6-9AM,68,8.5,15,Yes
1772,23,Female,Engineering,Yes,0,6-9PM,99,6.2,5,No
1773,18,Male,Engineering,Yes,3,3-6PM,48,6.7,1,Yes
1774,20,Male,Engineering,Yes,2,9-12PM,60,7.5,0,Yes
1775,23,Male,Engineering,Yes,2,12-3PM,37,8.4,7,Yes
1776,18,Female,Engineering,Yes,0,9-12PM,50,6.3,5,Yes
1777,19,Male,Architecture,Yes,3,6-9PM,45,9.1,9,Yes
1778,22,Male,Computer & Communication Sciences,No,6,3-6PM,100,3.6,9,Yes
1779,22,Female,Life Sciences,Yes,4,9-11PM,58,7.9,2,Yes
1780,22,Female,Life Sciences,Yes,2,6-9AM,78,5.5,1,Yes
1781,22,Male,Engineering,Yes,0,12-3PM,65,8.9,9,Yes
1782,21,Female,Engineering,Yes,2,3-6PM,43,7,9,Yes
1783,19,Male,Engineering,Yes,3,3-6PM,71,5.8,6,Yes
1784,20,Male,Engineering,Yes,3,12-3PM,90,7.8,1,Yes
1785,19,Male,Basic Sciences,No,2,6-9PM,45,8.1,10,Yes
1786,24,Male,Basic Sciences,Yes,0,6-9PM,95,7.8,13,Yes
1787,21,Female,Basic Sciences,No,2,9-11PM,54,5.3,9,Yes
1788,20,Male,Basic Sciences,Yes,2,6-9PM,63,6.1,5,Yes
1789,20,Male,Computer & Communication Sciences,Yes,4,6-9PM,88,6.8,8,Yes
1790,25,Female,Life Sciences,Yes,2,3-6PM,58,6.7,3,Yes
1791,19,Female,Engineering,Yes,1,6-9PM,76,7.9,12,Yes
1792,21,Male,Computer & Communication Sciences,Yes,2,12-3PM,67,3.8,8,Yes
1793,21,Female,Management,Yes,0,12-3PM,78,7.3,1,No
1794,21,Male,Engineering,Yes,5,12-3PM,30,6.4,7,Yes
1795,18,Female,Basic Sciences,No,2,3-6PM,30,5.5,10,Yes
1796,24,Female,Basic Sciences,No,2,9-12PM,90,5.7,7,Yes
1797,25,Female,Computer & Communication Sciences,Yes,2,9-11PM,101,6.5,7,Yes
1798,21,Male,Computer & Communication Sciences,Yes,3,12-3PM,52,1.4,3,Yes
1799,22,Male,Engineering,Yes,3,6-9AM,69,5.7,10,Yes
1800,24,Male,Basic Sciences,Yes,3,3-6PM,82,5.5,5,No
1801,22,Male,Architecture,Yes,1,6-9AM,92,7.6,0,Yes
1802,19,Male,Basic Sciences,Yes,1,6-9AM,30,5.6,7,Yes
1803,21,Female,Engineering,Yes,0,9-12PM,53,6.5,12,Yes
1804,21,Male,Computer & Communication Sciences,Yes,3,3-6PM,67,9.1,6,Yes
1805,20,Male,Life Sciences,No,0,12-3PM,93,8.3,15,Yes
1806,22,Female,Computer & Communication Sciences,No,2,6-9PM,137,8.2,10,Yes
1807,25,Male,Computer & Communication Sciences,No,4,6-9PM,69,6.1,9,Yes
1808,24,Female,Life Sciences,Yes,4,12-3PM,40,7.6,7,Yes
1809,20,Male,Basic Sciences,Yes,2,12-3PM,85,6.4,8,No
1810,18,Male,Architecture,Yes,2,12-3PM,108,6.5,7,Yes
1811,26,Male,Engineering,Yes,0,6-9PM,78,7.4,7,No
1812,23,Male,Life Sciences,Yes,3,6-9AM,52,5.9,10,Yes
1813,18,Female,Engineering,Yes,3,6-9AM,99,9,4,Yes
1814,24,Male,Life Sciences,Yes,1,6-9PM,92,6.6,4,No
1815,24,Female,Engineering,Yes,2,3-6PM,49,7.7,4,Yes
1816,21,Male,Engineering,Yes,3,9-12PM,85,9,16,No
1817,21,Male,Engineering,Yes,4,9-12PM,100,8.3,10,Yes
1818,20,Female,Engineering,Yes,1,9-11PM,105,4.7,9,Yes
1819,18,Male,Life Sciences,Yes,2,6-9PM,73,7.5,4,Yes
1820,20,Female,Life Sciences,Yes,1,6-9PM,66,8.1,10,Yes
1821,23,Female,Basic Sciences,Yes,0,3-6PM,106,8.1,8,No
1822,18,Female,Engineering,No,4,3-6PM,45,5.1,9,No
1823,20,Female,Engineering,Yes,3,9-11PM,86,5.8,4,Yes
1824,20,Male,Engineering,No,3,9-11PM,41,8.3,9,Yes
1825,21,Male,Engineering,Yes,0,9-12PM,102,5.7,6,Yes
1826,24,Male,Computer & Communication Sciences,Yes,3,6-9PM,69,6.4,5,Yes
1827,20,Female,Engineering,Yes,2,9-12PM,107,9.2,11,Yes
1828,20,Other,Basic Sciences,Yes,2,9-12PM,87,6.7,2,Yes
1829,22,Male,Engineering,Yes,2,6-9PM,44,5.7,10,Yes
1830,20,Female,Engineering,No,0,12-3PM,111,5.5,11,Yes
1831,19,Male,Basic Sciences,Yes,3,9-11PM,114,7.3,4,No
1832,20,Female,Architecture,Yes,2,6-9AM,97,4.8,5,No
1833,18,Male,Engineering,Yes,1,3-6PM,56,6.4,7,No
1834,19,Female,Engineering,No,1,9-11PM,67,7.3,9,No
1835,21,Female,Basic Sciences,Yes,1,9-11PM,79,8.7,7,Yes
1836,20,Male,Engineering,Yes,0,9-12PM,57,7.8,10,Yes
1837,24,Male,Engineering,Yes,2,12-3PM,117,5.7,15,Yes
1838,20,Male,Management,No,3,3-6PM,79,8.6,6,No
1839,21,Male,Architecture,No,0,9-12PM,30,6.4,1,No
1840,22,Male,Architecture,Yes,0,9-11PM,83,4.9,11,Yes
1841,18,Female,Basic Sciences,No,2,9-11PM,66,6.5,15,No
1842,22,Female,Basic Sciences,No,3,9-12PM,73,9,10,Yes
1843,19,Female,Basic Sciences,Yes,1,9-12PM,66,7,4,Yes
1844,25,Male,Life Sciences,Yes,2,6-9AM,95,6.8,8,Yes
1845,18,Female,Life Sciences,Yes,2,9-11PM,103,9.3,4,Yes
1846,20,Female,Engineering,No,1,9-12PM,82,4.7,11,Yes
1847,18,Male,Basic Sciences,Yes,0,12-3PM,67,4.9,3,Yes
1848,28,Female,Basic Sciences,No,3,12-3PM,74,4.4,7,Yes
1849,21,Female,Computer & Communication Sciences,Yes,2,3-6PM,75,7.4,4,Yes
1850,21,Male,Architecture,No,2,6-9AM,55,7,9,Yes
1851,18,Male,Basic Sciences,Yes,3,9-12PM,89,9.1,7,Yes
1852,22,Male,Engineering,Yes,3,9-11PM,87,7.2,9,Yes
1853,19,Male,Architecture,No,1,9-11PM,114,6.2,8,Yes
1854,24,Female,Engineering,No,2,6-9PM,106,6.8,4,Yes
1855,19,Female,Engineering,No,0,6-9AM,58,7,11,No
1856,19,Female,Engineering,Yes,0,12-3PM,96,4.3,8,Yes
1857,18,Male,Life Sciences,No,3,3-6PM,51,10,4,Yes
1858,20,Male,Engineering,Yes,3,9-12PM,92,7.6,17,No
1859,21,Female,Basic Sciences,Yes,5,9-11PM,62,7.1,10,No
1860,18,Female,Computer & Communication Sciences,Yes,2,3-6PM,49,7.7,7,No
1861,23,Male,Engineering,Yes,1,6-9AM,82,7.9,14,Yes
1862,20,Male,Basic Sciences,Yes,0,9-11PM,30,6.6,15,Yes
1863,21,Female,Basic Sciences,No,3,9-11PM,31,5.9,7,Yes
1864,20,Male,Engineering,Yes,2,6-9AM,71,7.7,9,Yes
1865,20,Male,Life Sciences,Yes,2,3-6PM,77,7.4,4,No
1866,21,Female,Engineering,Yes,3,12-3PM,66,5.6,7,Yes
1867,19,Male,Basic Sciences,Yes,3,12-3PM,36,8.9,7,Yes
1868,19,Male,Architecture,Yes,3,9-12PM,55,7.2,9,Yes
1869,24,Male,Architecture,No,0,3-6PM,85,7.9,9,Yes
1870,25,Male,Life Sciences,No,3,9-11PM,90,8.9,10,Yes
1871,20,Female,Engineering,No,3,3-6PM,75,6.8,9,No
1872,19,Male,Engineering,No,1,6-9AM,104,7.3,3,No
1873,22,Male,Life Sciences,Yes,2,3-6PM,85,8,4,No
1874,20,Female,Basic Sciences,Yes,1,12-3PM,56,5.7,6,Yes
1875,18,Female,Computer & Communication Sciences,Yes,5,6-9PM,68,6.9,7,Yes
1876,19,Female,Computer & Communication Sciences,Yes,0,12-3PM,40,7,12,Yes
1877,22,Male,Computer & Communication Sciences,Yes,2,9-12PM,72,5.4,3,Yes
1878,22,Male,Basic Sciences,Yes,0,9-12PM,103,10,7,No
1879,18,Other,Engineering,Yes,3,6-9PM,92,4.7,12,Yes
1880,19,Female,Life Sciences,Yes,0,9-12PM,110,4.9,7,No
1881,19,Male,Basic Sciences,Yes,1,6-9PM,67,8.8,10,Yes
1882,22,Male,Engineering,Yes,2,9-12PM,109,7.9,7,Yes
1883,18,Male,Computer & Communication Sciences,Yes,4,12-3PM,70,5.3,9,Yes
1884,18,Female,Computer & Communication Sciences,Yes,1,3-6PM,112,7.7,7,Yes
1885,23,Female,Basic Sciences,Yes,0,9-11PM,74,9,11,Yes
1886,19,Male,Engineering,No,3,9-11PM,93,6.8,2,Yes
1887,22,Male,Basic Sciences,Yes,2,9-12PM,112,10,7,Yes
1888,19,Female,Life Sciences,Yes,4,12-3PM,70,4.2,9,No
1889,18,Female,Computer & Communication Sciences,No,0,9-12PM,80,7.8,10,Yes
1890,19,Male,Engineering,Yes,2,3-6PM,107,8.5,14,No
1891,22,Female,Engineering,Yes,1,3-6PM,72,8.1,6,Yes
1892,24,Female,Computer & Communication Sciences,No,0,9-11PM,42,6.5,14,Yes
1893,23,Male,Basic Sciences,Yes,3,9-11PM,129,6.4,5,No
1894,20,Female,Basic Sciences,No,2,12-3PM,63,7.5,13,No
1895,22,Male,Management,No,3,3-6PM,79,8,11,Yes
1896,19,Female,Engineering,Yes,1,6-9PM,104,7.7,4,Yes
1897,19,Female,Architecture,Yes,2,6-9PM,60,8.4,9,Yes
1898,24,Female,Engineering,Yes,2,6-9AM,50,5.3,8,Yes
1899,18,Female,Basic Sciences,Yes,6,12-3PM,81,6.5,11,Yes
1900,18,Male,Life Sciences,Yes,1,12-3PM,30,5.4,7,No
1901,19,Female,Basic Sciences,Yes,1,9-12PM,68,6.2,7,Yes
1902,18,Female,Management,Yes,2,9-12PM,81,8.3,13,Yes
1903,19,Male,Architecture,Yes,2,6-9AM,68,7,8,Yes
1904,21,Female,Engineering,Yes,1,3-6PM,36,10,11,Yes
1905,20,Female,Engineering,Yes,4,9-12PM,115,7.1,7,Yes
1906,24,Male,Basic Sciences,Yes,1,6-9AM,78,6.9,15,Yes
1907,23,Female,Basic Sciences,No,4,9-12PM,111,7,5,No
1908,20,Female,Engineering,Yes,0,6-9PM,68,5.8,6,Yes
1909,19,Male,Basic Sciences,Yes,3,6-9PM,53,6.7,14,Yes
1910,20,Other,Basic Sciences,No,4,3-6PM,82,8.5,6,No
1911,21,Male,Life Sciences,Yes,0,12-3PM,70,7,14,Yes
1912,19,Male,Architecture,Yes,5,9-11PM,46,5.6,12,Yes
1913,21,Male,Life Sciences,Yes,2,9-12PM,112,5.4,7,Yes
1914,20,Female,Engineering,Yes,5,9-12PM,59,6.1,1,Yes
1915,21,Female,Engineering,Yes,3,9-12PM,30,6.9,8,Yes
1916,20,Male,Architecture,Yes,1,9-12PM,108,8.6,8,Yes
1917,19,Male,Basic Sciences,Yes,1,12-3PM,62,4.8,13,No
1918,25,Female,Engineering,No,1,9-11PM,60,6.3,14,No
1919,23,Male,Life Sciences,Yes,0,3-6PM,31,7,5,Yes
1920,18,Female,Life Sciences,Yes,0,12-3PM,119,4,11,Yes
1921,24,Female,Basic Sciences,No,0,9-11PM,43,5.5,11,Yes
1922,20,Male,Engineering,Yes,2,6-9AM,76,5.8,12,Yes
1923,24,Female,Life Sciences,No,3,9-12PM,98,5.6,10,Yes
1924,23,Male,Architecture,Yes,0,3-6PM,86,7.1,0,Yes
1925,20,Other,Life Sciences,No,0,3-6PM,74,6.6,7,Yes
1926,18,Female,Life Sciences,Yes,2,6-9AM,32,6,3,No
1927,19,Female,Life Sciences,No,1,12-3PM,55,7.4,7,Yes
1928,21,Male,Basic Sciences,No,0,3-6PM,80,9.4,12,No
1929,22,Female,Engineering,Yes,0,6-9PM,55,9.3,9,No
1930,19,Male,Life Sciences,Yes,4,3-6PM,80,3.9,13,Yes
1931,18,Male,Architecture,Yes,3,12-3PM,92,7.7,9,Yes
1932,23,Male,Life Sciences,Yes,2,6-9AM,99,6.5,3,No
1933,26,Female,Engineering,Yes,3,12-3PM,44,7,0,Yes
1934,21,Female,Engineering,Yes,2,9-12PM,130,6.2,9,Yes
1935,19,Female,Computer & Communication Sciences,Yes,3,9-11PM,94,7,7,Yes
1936,19,Female,Life Sciences,Yes,3,3-6PM,75,7,4,No
1937,18,Male,Computer & Communication Sciences,Yes,2,12-3PM,102,5.9,1,Yes
1938,24,Female,Life Sciences,Yes,1,6-9PM,134,5.5,5,Yes
1939,18,Male,Architecture,Yes,0,3-6PM,39,6.1,7,Yes
1940,21,Female,Architecture,Yes,2,12-3PM,69,7.2,11,Yes
1941,19,Female,Computer & Communication Sciences,Yes,4,6-9PM,30,7.7,9,Yes
1942,21,Female,Architecture,Yes,2,6-9PM,80,8.1,14,No
1943,22,Female,Architecture,Yes,3,6-9PM,84,6.1,4,Yes
1944,23,Male,Engineering,Yes,6,6-9AM,74,7.2,12,No
1945,19,Male,Basic Sciences,Yes,0,3-6PM,59,8.2,8,Yes
1946,18,Female,Life Sciences,No,3,6-9PM,30,8.5,11,Yes
1947,18,Male,Engineering,Yes,3,9-12PM,84,6.7,6,Yes
1948,24,Male,Engineering,Yes,5,9-12PM,111,6.5,12,No
1949,24,Male,Engineering,Yes,6,6-9PM,60,7.1,9,No
1950,21,Female,Engineering,No,3,6-9AM,86,5.1,5,Yes
1951,21,Male,Engineering,No,1,6-9PM,36,6.5,8,Yes
1952,22,Male,Basic Sciences,Yes,3,3-6PM,86,7.9,7,Yes
1953,19,Female,Computer & Communication Sciences,Yes,0,12-3PM,65,7.8,10,No
1954,24,Female,Basic Sciences,No,3,6-9AM,56,6.4,3,Yes
1955,20,Male,Engineering,Yes,4,6-9PM,56,7.1,8,Yes
1956,20,Male,Engineering,Yes,2,12-3PM,65,5.6,10,No
1957,21,Male,Life Sciences,Yes,2,3-6PM,85,7.9,8,Yes
1958,18,Male,Basic Sciences,Yes,2,6-9PM,42,6.7,13,No
1959,19,Male,Computer & Communication Sciences,No,2,6-9PM,65,6.4,11,Yes
1960,22,Female,Architecture,No,1,9-11PM,74,6.3,8,Yes
1961,18,Female,Life Sciences,No,3,3-6PM,48,6.7,9,Yes
1962,21,Female,Engineering,Yes,4,12-3PM,120,6.1,9,Yes
1963,19,Male,Life Sciences,No,5,9-11PM,54,7.8,10,Yes
1964,20,Female,Engineering,Yes,0,3-6PM,58,6.2,1,Yes
1965,19,Male,Computer & Communication Sciences,Yes,4,9-12PM,51,9.2,7,Yes
1966,20,Female,Architecture,No,3,9-12PM,120,9,2,Yes
1967,22,Female,Engineering,Yes,1,6-9PM,89,5.5,13,Yes
1968,19,Male,Engineering,Yes,0,12-3PM,52,6.9,8,No
1969,21,Female,Engineering,Yes,1,6-9PM,103,5.8,7,Yes
1970,20,Male,Life Sciences,No,4,3-6PM,80,6.3,12,Yes
1971,22,Female,Engineering,Yes,2,9-12PM,81,9.8,10,Yes
1972,25,Male,Architecture,Yes,3,3-6PM,66,6.3,3,Yes
1973,22,Male,Engineering,Yes,1,6-9AM,56,7.3,8,No
1974,19,Female,Architecture,No,3,12-3PM,83,7.6,7,No
1975,18,Male,Life Sciences,No,0,3-6PM,61,5.3,1,Yes
1976,19,Female,Life Sciences,Yes,2,12-3PM,120,5.5,5,No
1977,21,Male,Life Sciences,Yes,2,6-9PM,43,5,7,No
1978,18,Female,Engineering,Yes,0,6-9PM,113,5.5,8,No
1979,21,Female,Engineering,No,3,6-9PM,72,2.5,2,Yes
1980,21,Male,Life Sciences,Yes,1,6-9AM,82,7.6,13,Yes
1981,20,Male,Basic Sciences,No,3,9-12PM,96,9.9,8,Yes
1982,23,Male,Basic Sciences,Yes,2,3-6PM,59,7,8,Yes
1983,18,Male,Engineering,No,2,9-11PM,97,4.7,10,Yes
1984,18,Male,Engineering,No,0,6-9PM,30,5.8,5,Yes
1985,22,Female,Engineering,No,0,6-9PM,57,6.1,10,Yes
1986,21,Female,Computer & Communication Sciences,No,4,12-3PM,52,5.3,7,Yes
1987,22,Female,Engineering,Yes,1,12-3PM,44,8.1,4,Yes
1988,20,Female,Architecture,Yes,3,3-6PM,70,8,10,Yes
1989,19,Female,Engineering,Yes,7,9-12PM,85,5.1,14,No
1990,23,Female,Architecture,No,1,6-9AM,93,7.9,11,No
1991,23,Male,Engineering,Yes,1,9-11PM,81,9.1,12,Yes
1992,22,Female,Computer & Communication Sciences,Yes,3,9-12PM,58,9.7,6,Yes
1993,19,Female,Computer & Communication Sciences,Yes,5,9-12PM,84,10,2,Yes
1994,21,Female,Engineering,Yes,4,6-9AM,78,5.4,14,Yes
1995,20,Male,Computer & Communication Sciences,Yes,2,9-11PM,98,10,16,No
1996,18,Male,Management,Yes,3,3-6PM,94,6.3,14,Yes
1997,24,Male,Computer & Communication Sciences,No,0,6-9PM,76,5.9,7,Yes
1998,18,Female,Computer & Communication Sciences,Yes,5,9-11PM,53,7.3,3,No
1999,25,Female,Engineering,Yes,5,12-3PM,59,5.9,4,Yes
2000,20,Male,Architecture,Yes,0,3-6PM,61,7.4,1,Yes
2001,19,Female,Engineering,Yes,1,6-9AM,67,4.8,8,Yes
2002,21,Male,Engineering,No,0,9-12PM,82,6.4,14,Yes
2003,24,Male,Management,No,1,6-9PM,93,8.7,7,Yes
2004,22,Male,Engineering,Yes,3,6-9PM,74,6.7,9,Yes
2005,23,Female,Life Sciences,No,2,12-3PM,75,7,14,Yes
2006,22,Female,Life Sciences,No,0,12-3PM,79,7.5,6,No
2007,22,Male,Computer & Communication Sciences,No,2,3-6PM,62,8.6,16,Yes
2008,23,Female,Management,Yes,6,6-9AM,52,4.3,16,No
2009,19,Male,Engineering,No,2,9-12PM,31,7.7,7,Yes
2010,20,Female,Engineering,Yes,2,9-12PM,58,6.4,6,Yes
2011,19,Female,Basic Sciences,Yes,0,9-12PM,87,7,11,Yes
2012,26,Female,Engineering,Yes,6,6-9PM,57,8.4,7,Yes
2013,25,Male,Engineering,Yes,3,9-12PM,69,5,3,Yes
2014,18,Female,Basic Sciences,Yes,1,9-12PM,87,5.3,13,Yes
2015,22,Female,Life Sciences,Yes,0,3-6PM,88,3.9,13,No
2016,24,Male,Architecture,Yes,0,6-9PM,48,6,9,Yes
2017,19,Female,Engineering,No,0,9-12PM,100,8.8,3,Yes
2018,21,Male,Architecture,No,2,6-9AM,103,6.6,3,No
2019,24,Female,Engineering,Yes,4,12-3PM,47,4.8,8,Yes
2020,18,Male,Engineering,No,2,6-9PM,54,6.1,6,Yes
2021,22,Female,Life Sciences,No,3,3-6PM,105,4.6,7,Yes
2022,19,Female,Architecture,No,2,6-9PM,71,5.1,12,Yes
2023,24,Male,Life Sciences,Yes,3,9-11PM,30,7.4,11,Yes
2024,26,Male,Engineering,No,3,6-9PM,40,5,14,Yes
2025,25,Male,Computer & Communication Sciences,No,0,3-6PM,69,8.5,4,Yes
2026,20,Male,Architecture,No,2,3-6PM,46,6.7,7,Yes
2027,24,Male,Architecture,Yes,2,6-9AM,65,6.9,11,Yes
2028,23,Female,Architecture,Yes,0,9-11PM,76,6.4,10,No
2029,19,Male,Computer & Communication Sciences,Yes,2,12-3PM,112,8,14,No
2030,23,Male,Architecture,Yes,2,9-12PM,68,8,10,Yes
2031,18,Female,Architecture,Yes,7,6-9PM,102,7.3,15,Yes
2032,21,Male,Management,Yes,2,9-12PM,111,7.6,10,No
2033,19,Female,Life Sciences,No,3,3-6PM,111,6.5,12,Yes
2034,18,Female,Basic Sciences,No,2,3-6PM,82,7.6,7,Yes
2035,18,Female,Life Sciences,Yes,3,12-3PM,30,6.3,8,Yes
2036,22,Female,Basic Sciences,No,2,6-9PM,87,6.8,12,No
2037,20,Female,Engineering,Yes,4,9-12PM,101,6.4,14,Yes
2038,22,Male,Architecture,Yes,2,12-3PM,73,6.1,11,No
2039,18,Male,Computer & Communication Sciences,No,2,3-6PM,119,5.8,8,Yes
2040,19,Male,Computer & Communication Sciences,No,2,6-9PM,96,7.5,14,Yes
2041,21,Female,Engineering,No,2,6-9PM,89,8.8,0,Yes
2042,23,Male,Basic Sciences,Yes,0,12-3PM,102,8.6,2,Yes
2043,19,Female,Engineering,No,0,3-6PM,83,4.9,11,No
2044,21,Other,Management,Yes,0,9-12PM,30,8.7,8,No
2045,24,Female,Management,No,4,9-11PM,63,6.3,10,Yes
2046,21,Female,Architecture,No,1,12-3PM,105,7.7,8,No
2047,19,Male,Life Sciences,Yes,1,6-9PM,55,5.4,10,No
2048,18,Female,Life Sciences,Yes,3,6-9AM,69,7,5,Yes
2049,24,Female,Architecture,No,1,9-12PM,49,7.3,10,Yes
2050,18,Male,Engineering,Yes,2,3-6PM,120,4.6,12,Yes
2051,24,Male,Basic Sciences,Yes,0,6-9PM,117,7.7,13,Yes
2052,21,Female,Life Sciences,No,5,3-6PM,53,8.8,16,Yes
2053,25,Female,Life Sciences,Yes,3,9-11PM,79,6.5,9,Yes
2054,23,Female,Basic Sciences,No,4,3-6PM,58,8.8,9,Yes
2055,28,Female,Computer & Communication Sciences,Yes,2,3-6PM,90,6.5,2,No
2056,20,Female,Engineering,Yes,3,6-9AM,88,8.1,6,No
2057,23,Male,Basic Sciences,No,0,6-9PM,95,3.5,7,Yes
2058,20,Male,Life Sciences,Yes,0,9-12PM,83,10,12,Yes
2059,20,Male,Life Sciences,Yes,0,6-9PM,148,9,6,Yes
2060,21,Male,Architecture,No,2,9-11PM,49,6.4,11,Yes
2061,24,Female,Engineering,Yes,2,9-11PM,32,3.8,8,Yes
2062,26,Female,Engineering,Yes,2,3-6PM,65,7.2,7,Yes
2063,23,Female,Architecture,Yes,0,6-9PM,36,4.6,9,Yes
2064,20,Male,Architecture,No,2,6-9PM,38,7.5,6,Yes
2065,20,Female,Engineering,No,3,9-12PM,50,7.4,6,Yes
2066,22,Female,Life Sciences,No,2,3-6PM,52,5.4,1,Yes
2067,19,Female,Basic Sciences,Yes,3,6-9AM,51,8.5,7,No
2068,18,Female,Architecture,No,1,3-6PM,88,8,6,No
2069,20,Male,Computer & Communication Sciences,Yes,3,9-12PM,62,8.3,6,Yes
2070,19,Male,Engineering,No,2,9-12PM,71,6.8,10,Yes
2071,19,Male,Engineering,Yes,1,12-3PM,97,4.7,11,Yes
2072,19,Male,Life Sciences,No,1,12-3PM,56,8.3,9,Yes
2073,18,Male,Architecture,No,2,3-6PM,68,6.4,12,Yes
2074,18,Female,Life Sciences,Yes,3,6-9AM,84,4.7,10,Yes
2075,26,Female,Computer & Communication Sciences,Yes,2,3-6PM,30,8.8,7,No
2076,20,Female,Life Sciences,No,1,9-12PM,30,9.9,6,Yes
2077,20,Female,Management,Yes,4,3-6PM,84,6.7,9,No
2078,22,Male,Basic Sciences,No,3,3-6PM,87,10,10,Yes
2079,19,Female,Basic Sciences,Yes,2,3-6PM,127,6.9,14,Yes
2080,25,Male,Basic Sciences,Yes,2,6-9PM,79,6.2,13,Yes
2081,23,Male,Engineering,Yes,1,12-3PM,95,5.9,6,Yes
2082,18,Male,Architecture,Yes,2,6-9PM,70,9.3,8,Yes
2083,20,Male,Engineering,No,2,12-3PM,82,5.6,11,Yes
2084,24,Male,Computer & Communication Sciences,Yes,7,3-6PM,117,7.9,12,Yes
2085,25,Male,Architecture,No,2,3-6PM,30,6,12,Yes
2086,20,Male,Architecture,Yes,2,6-9AM,85,6.1,8,Yes
2087,21,Female,Basic Sciences,Yes,2,6-9PM,128,8.3,3,No
2088,19,Male,Engineering,Yes,4,3-6PM,82,6.2,4,Yes
2089,27,Male,Engineering,Yes,3,12-3PM,116,6.2,9,Yes
2090,19,Male,Basic Sciences,No,2,6-9AM,59,8.5,9,Yes
2091,25,Female,Engineering,Yes,3,6-9AM,74,9.2,4,No
2092,22,Male,Architecture,Yes,2,9-11PM,76,7.8,8,Yes
2093,21,Male,Computer & Communication Sciences,Yes,2,6-9PM,30,5.8,11,Yes
2094,21,Male,Computer & Communication Sciences,Yes,1,9-12PM,46,6,3,Yes
2095,19,Male,Architecture,Yes,2,12-3PM,48,6.9,12,Yes
2096,19,Male,Engineering,No,1,3-6PM,96,7.3,6,Yes
2097,19,Male,Computer & Communication Sciences,Yes,4,6-9PM,97,5.3,13,No
2098,19,Male,Computer & Communication Sciences,Yes,2,6-9AM,83,7.9,6,No
2099,23,Male,Engineering,Yes,5,9-12PM,96,6.9,4,Yes
2100,20,Male,Life Sciences,No,2,6-9PM,71,4.2,6,Yes
2101,18,Female,Engineering,Yes,2,6-9AM,105,5.4,8,Yes
2102,25,Female,Life Sciences,Yes,2,9-12PM,75,6,6,Yes
2103,24,Male,Management,Yes,0,9-11PM,76,6.7,7,No
2104,24,Male,Engineering,Yes,2,3-6PM,68,9.6,9,Yes
2105,27,Female,Computer & Communication Sciences,Yes,0,9-12PM,92,7.2,7,Yes
2106,19,Male,Architecture,Yes,2,6-9AM,64,5.5,8,Yes
2107,20,Male,Management,No,2,6-9AM,99,7.1,1,No
2108,23,Female,Basic Sciences,Yes,3,9-12PM,47,6.3,10,Yes
2109,22,Male,Computer & Communication Sciences,No,1,6-9PM,48,7.3,8,Yes
2110,19,Male,Engineering,Yes,0,12-3PM,92,7.7,14,Yes
2111,23,Male,Engineering,Yes,2,6-9PM,73,8.6,4,Yes
2112,19,Female,Engineering,Yes,4,9-11PM,64,6.8,1,No
2113,19,Male,Management,Yes,3,12-3PM,97,9.3,10,Yes
2114,21,Female,Life Sciences,No,2,9-12PM,60,8.2,9,Yes
2115,21,Other,Computer & Communication Sciences,Yes,2,3-6PM,70,5.7,4,Yes
2116,21,Male,Computer & Communication Sciences,Yes,0,9-11PM,110,10,2,No
2117,18,Male,Engineering,Yes,6,6-9PM,113,7.3,14,Yes
2118,24,Male,Basic Sciences,No,3,6-9AM,114,5.5,14,Yes
2119,19,Male,Engineering,Yes,1,6-9PM,68,9.3,0,Yes
2120,18,Male,Engineering,No,2,3-6PM,106,9.9,6,Yes
2121,24,Female,Engineering,Yes,0,9-11PM,51,6.8,15,Yes
2122,25,Female,Basic Sciences,Yes,5,9-12PM,52,6,6,No
2123,24,Female,Engineering,Yes,0,3-6PM,30,6.5,6,Yes
2124,23,Male,Engineering,Yes,2,6-9PM,117,7.9,7,Yes
2125,22,Female,Engineering,Yes,1,12-3PM,53,8.7,4,No
2126,21,Female,Engineering,Yes,3,3-6PM,72,7.7,1,Yes
2127,18,Female,Management,No,3,6-9AM,52,7,12,Yes
2128,20,Male,Life Sciences,No,3,9-12PM,92,9,1,Yes
2129,20,Female,Management,No,2,12-3PM,66,6.3,9,Yes
2130,19,Male,Basic Sciences,Yes,4,9-11PM,42,8.3,12,Yes
2131,22,Male,Engineering,Yes,0,9-12PM,86,6.4,2,No
2132,21,Male,Life Sciences,Yes,2,3-6PM,39,7.4,4,No
2133,18,Female,Engineering,No,1,6-9PM,54,6.6,13,Yes
2134,19,Female,Engineering,No,6,9-12PM,30,6.7,10,Yes
2135,22,Male,Engineering,Yes,2,3-6PM,39,6.2,6,Yes
2136,18,Male,Engineering,Yes,3,6-9PM,79,8.8,13,Yes
2137,24,Male,Engineering,Yes,3,6-9PM,30,5.7,13,Yes
2138,21,Male,Basic Sciences,Yes,1,3-6PM,38,5.7,9,Yes
2139,20,Male,Life Sciences,Yes,1,6-9PM,75,10,4,No
2140,21,Male,Engineering,Yes,1,9-12PM,61,8.3,6,No
2141,23,Female,Engineering,No,2,9-11PM,125,3.2,9,Yes
2142,20,Male,Life Sciences,Yes,1,9-12PM,121,6,7,Yes
2143,22,Male,Engineering,Yes,0,6-9PM,53,4.1,12,Yes
2144,21,Male,Engineering,No,4,9-12PM,89,5.4,2,No
2145,19,Female,Computer & Communication Sciences,Yes,5,9-11PM,94,2.1,2,Yes
2146,24,Female,Engineering,Yes,2,6-9PM,60,6.6,9,Yes
2147,23,Female,Engineering,Yes,2,6-9PM,38,5.1,6,Yes
2148,22,Male,Basic Sciences,Yes,0,9-12PM,75,6.9,5,No
2149,24,Female,Engineering,Yes,3,12-3PM,71,4.4,1,No
2150,24,Male,Architecture,No,3,3-6PM,64,6.9,8,Yes
2151,22,Female,Life Sciences,Yes,0,6-9PM,86,6.2,8,No
2152,23,Female,Engineering,Yes,0,6-9AM,56,9.1,11,Yes
2153,22,Female,Architecture,Yes,3,9-11PM,46,8.9,8,Yes
2154,22,Female,Basic Sciences,Yes,2,6-9PM,78,8,7,No
2155,21,Female,Engineering,No,0,9-12PM,85,6.3,13,No
2156,23,Male,Architecture,No,2,6-9PM,46,9.8,3,Yes
2157,19,Female,Engineering,Yes,1,3-6PM,98,4.5,10,Yes
2158,24,Male,Basic Sciences,No,2,3-6PM,31,4.7,1,No
2159,24,Female,Engineering,Yes,3,12-3PM,61,6.7,5,No
2160,18,Male,Basic Sciences,No,3,3-6PM,69,10,3,No
2161,23,Male,Engineering,Yes,2,6-9PM,59,6.5,11,Yes
2162,18,Male,Computer & Communication Sciences,No,5,12-3PM,61,6.5,8,No
2163,20,Male,Engineering,No,2,3-6PM,122,4.6,8,No
2164,22,Male,Basic Sciences,Yes,3,6-9PM,54,8.2,4,Yes
2165,19,Female,Basic Sciences,Yes,2,6-9PM,136,8.2,7,No
2166,23,Male,Life Sciences,No,4,6-9AM,86,8,5,Yes
2167,23,Male,Architecture,No,4,6-9PM,77,5.9,10,Yes
2168,21,Female,Architecture,Yes,0,3-6PM,87,5.7,4,Yes
2169,18,Male,Life Sciences,No,4,9-12PM,138,4.9,13,Yes
2170,19,Female,Computer & Communication Sciences,Yes,3,9-12PM,50,6.9,1,Yes
2171,21,Female,Engineering,Yes,3,3-6PM,47,5.2,5,No
2172,26,Female,Basic Sciences,Yes,1,6-9PM,56,5,15,Yes
2173,22,Female,Computer & Communication Sciences,Yes,3,12-3PM,76,6.2,6,Yes
2174,19,Male,Management,No,3,6-9PM,32,6.1,3,No
2175,22,Female,Computer & Communication Sciences,Yes,1,6-9AM,76,6,9,Yes
2176,21,Male,Basic Sciences,No,5,3-6PM,117,7.5,6,Yes
2177,23,Male,Engineering,Yes,0,9-11PM,79,6.9,5,Yes
2178,18,Female,Basic Sciences,Yes,0,6-9PM,68,6.4,4,Yes
2179,23,Male,Life Sciences,Yes,2,9-12PM,60,7.1,19,Yes
2180,21,Female,Basic Sciences,Yes,2,3-6PM,97,5.3,7,No
2181,25,Female,Basic Sciences,Yes,2,9-12PM,54,7,0,Yes
2182,20,Female,Computer & Communication Sciences,Yes,0,12-3PM,121,7,14,No
2183,22,Female,Basic Sciences,Yes,5,6-9PM,123,4.5,10,Yes
2184,25,Male,Computer & Communication Sciences,Yes,0,6-9PM,81,8.3,5,Yes
2185,18,Male,Basic Sciences,Yes,0,9-12PM,75,5.5,4,Yes
2186,25,Female,Engineering,Yes,0,9-11PM,101,6.9,11,Yes
2187,22,Male,Basic Sciences,No,2,3-6PM,102,8.5,7,Yes
2188,18,Female,Life Sciences,No,4,12-3PM,55,8.2,0,Yes
2189,19,Female,Engineering,Yes,3,3-6PM,62,6.9,15,Yes
2190,22,Female,Engineering,Yes,3,3-6PM,42,6.3,6,Yes
2191,18,Male,Management,Yes,0,3-6PM,85,8.2,14,Yes
2192,21,Male,Engineering,No,2,3-6PM,92,7.8,13,Yes
2193,20,Male,Architecture,Yes,2,3-6PM,41,5.9,4,Yes
2194,21,Male,Architecture,Yes,2,9-12PM,64,5.6,12,No
2195,18,Female,Basic Sciences,Yes,0,6-9PM,41,3.7,5,Yes
2196,24,Male,Architecture,Yes,3,3-6PM,53,7,1,Yes
2197,26,Male,Engineering,Yes,2,9-12PM,89,6.7,6,Yes
2198,25,Male,Architecture,No,3,6-9PM,57,8.5,10,Yes
2199,22,Female,Basic Sciences,Yes,2,9-11PM,67,7.3,6,No
2200,18,Female,Architecture,Yes,0,9-11PM,34,8.8,7,Yes